border_pair,match_type,pair_id,match_distance,state_a,structure_a,state_b,structure_b,lowest_rating_a,lowest_rating_b,lowest_rating_diff_a_minus_b,deck_rating_a,deck_rating_b,deck_rating_diff_a_minus_b,superstructure_rating_a,superstructure_rating_b,superstructure_rating_diff_a_minus_b,substructure_rating_a,substructure_rating_b,substructure_rating_diff_a_minus_b,age_2025_a,age_2025_b,age_2025_diff_a_minus_b,adt_a,adt_b,adt_diff_a_minus_b,truck_pct_a,truck_pct_b,truck_pct_diff_a_minus_b,aadtt_a,aadtt_b,aadtt_diff_a_minus_b,structure_length_m_a,structure_length_m_b,structure_length_m_diff_a_minus_b,max_span_m_a,max_span_m_b,max_span_m_diff_a_minus_b,deck_width_m_a,deck_width_m_b,deck_width_m_diff_a_minus_b,distance_miles_exact_a,distance_miles_exact_b,distance_miles_exact_diff_a_minus_b
KS-MO,Broad all-owner match,1,0.8168430818255094,KS,000061117006181,MO,24716,6.0,6.0,0.0,6.0,6.0,0.0,6.0,6.0,0.0,8.0,8.0,0.0,35.0,37.0,-2.0,40.0,100.0,-60.0,0.0,10.0,-10.0,0.0,10.0,-10.0,60.6,60.7,-0.10000000000000142,17.0,17.1,-0.10000000000000142,7.9,7.3,0.6000000000000005,0.017992259954166173,0.02262224266122078,-0.004629982707054607
KS-MO,Broad all-owner match,2,0.6788102851768393,KS,000191105006242,MO,12638,4.0,6.0,-2.0,4.0,8.0,-4.0,7.0,8.0,-1.0,4.0,6.0,-2.0,60.0,55.0,5.0,40.0,30.0,10.0,0.0,10.0,-10.0,0.0,3.0,-3.0,8.2,13.4,-5.200000000000001,7.3,12.5,-5.2,8.5,6.6,1.9000000000000004,5.624791116211285,5.75146529985845,-0.12667418364716454
KS-MO,Broad all-owner match,3,0.726881879898043,KS,000000000190110,MO,14783,5.0,6.0,-1.0,5.0,6.0,-1.0,5.0,7.0,-2.0,5.0,6.0,-1.0,95.0,92.0,3.0,76.0,20.0,56.0,0.0,10.0,-10.0,0.0,2.0,-2.0,12.5,7.9,4.6,5.4,7.3,-1.8999999999999995,6.1,4.9,1.1999999999999993,7.11999459208781,5.536108386541181,1.5838862055466292
KS-MO,Broad all-owner match,4,1.7643267436992,KS,000000000060170,MO,25154,5.0,4.0,1.0,5.0,6.0,-1.0,5.0,4.0,1.0,5.0,6.0,-1.0,100.0,105.0,-5.0,136.0,30.0,106.0,10.0,10.0,0.0,13.6,3.0,10.6,46.6,51.8,-5.199999999999996,45.6,24.7,20.900000000000002,6.4,4.3,2.1000000000000005,1.685394628669209,4.536251126745531,-2.8508564980763227
KS-MO,Broad all-owner match,5,0.9212491044816797,KS,000111103006681,MO,12593,5.0,5.0,0.0,5.0,6.0,-1.0,5.0,6.0,-1.0,5.0,5.0,0.0,95.0,95.0,0.0,25.0,30.0,-5.0,5.0,10.0,-5.0,1.25,3.0,-1.75,13.4,9.1,4.300000000000001,6.4,4.3,2.1000000000000005,6.4,5.9,0.5,6.7401974854169415,4.275082664765932,2.465114820651009
KS-MO,Broad all-owner match,6,1.9067886579088194,KS,999904700190251,MO,4717,6.0,5.0,1.0,6.0,5.0,1.0,7.0,5.0,2.0,6.0,5.0,1.0,102.0,101.0,1.0,4196.0,1871.0,2325.0,8.0,21.0,-13.0,335.68,392.91,-57.23000000000002,9.9,8.5,1.4000000000000004,4.3,7.6,-3.3,13.4,8.2,5.200000000000001,8.83552719146563,4.118697224698829,4.7168299667668006
KS-MO,Broad all-owner match,7,1.9222734801256092,KS,000191113106540,MO,5991,4.0,5.0,-1.0,4.0,5.0,-1.0,4.0,5.0,-1.0,4.0,5.0,-1.0,90.0,85.0,5.0,40.0,515.0,-475.0,0.0,42.0,-42.0,0.0,216.3,-216.3,19.5,31.4,-11.899999999999999,5.4,11.4,-6.0,6.7,8.4,-1.7000000000000002,1.569797609172998,2.6484400570163658,-1.0786424478433678
KS-MO,Broad all-owner match,8,2.050547643822264,KS,000191111106640,MO,4714,5.0,5.0,0.0,5.0,5.0,0.0,7.0,5.0,2.0,6.0,5.0,1.0,102.0,101.0,1.0,20.0,2121.0,-2101.0,0.0,20.0,-20.0,0.0,424.2,-424.2,8.5,8.5,0.0,7.8,7.6,0.20000000000000018,6.9,8.2,-1.299999999999999,2.7150838056842233,2.955501594368668,-0.24041778868444474
KS-MO,Broad all-owner match,9,0.4225785811060382,KS,000111101006661,MO,31971,8.0,7.0,1.0,8.0,7.0,1.0,8.0,7.0,1.0,8.0,7.0,1.0,18.0,19.0,-1.0,35.0,35.0,0.0,5.0,10.0,-5.0,1.75,3.5,-1.75,34.4,31.4,3.0,13.4,12.2,1.200000000000001,8.5,7.5,1.0,7.757512305558873,6.8058959243534405,0.9516163812054321
KS-MO,Broad all-owner match,10,0.6875288086261734,KS,000191113006546,MO,30838,7.0,7.0,0.0,7.0,8.0,-1.0,7.0,8.0,-1.0,8.0,7.0,1.0,23.0,20.0,3.0,40.0,50.0,-10.0,0.0,10.0,-10.0,0.0,5.0,-5.0,31.4,31.2,0.1999999999999993,12.0,12.2,-0.1999999999999993,8.6,7.5,1.0999999999999996,1.7720712002248329,2.470300108281152,-0.6982289080563191
KS-MO,Broad all-owner match,11,0.8195554851683653,KS,000000000190600,MO,29627,7.0,7.0,0.0,7.0,7.0,0.0,7.0,7.0,0.0,8.0,8.0,0.0,24.0,23.0,1.0,910.0,75.0,835.0,0.0,2.0,-2.0,0.0,1.5,-1.5,54.9,37.5,17.4,21.9,14.6,7.299999999999999,10.4,7.5,2.9000000000000004,9.963613552060416,8.9634551602256,1.000158391834816
KS-MO,Broad all-owner match,12,1.0106900047011937,KS,000000000190620,MO,17507,7.0,7.0,0.0,7.0,7.0,0.0,7.0,7.0,0.0,8.0,7.0,1.0,26.0,25.0,1.0,2247.0,25.0,2222.0,0.0,10.0,-10.0,0.0,2.5,-2.5,43.6,9.1,34.5,17.0,4.3,12.7,8.6,8.6,0.0,5.57892180294406,4.511195637278529,1.0677261656655306
KS-MO,Broad all-owner match,13,1.1439659201936645,KS,000000000190290,MO,23242,7.0,8.0,-1.0,7.0,8.0,-1.0,8.0,8.0,0.0,7.0,8.0,-1.0,31.0,29.0,2.0,1335.0,25.0,1310.0,0.0,10.0,-10.0,0.0,2.5,-2.5,77.7,8.2,69.5,17.0,3.7,13.3,10.4,7.9,2.5,6.772474189429613,6.402341590001444,0.37013259942816923
KS-MO,Broad all-owner match,14,1.170579746817077,KS,000191103906400,MO,23227,7.0,6.0,1.0,7.0,7.0,0.0,8.0,7.0,1.0,8.0,6.0,2.0,36.0,35.0,1.0,30.0,40.0,-10.0,0.0,10.0,-10.0,0.0,4.0,-4.0,34.4,9.4,25.0,13.4,4.6,8.8,7.9,6.3,1.6000000000000005,5.935854549310448,3.6574223151477154,2.2784322341627323
KS-MO,Broad all-owner match,15,1.2010757165140817,KS,000191105606500,MO,2522,5.0,5.0,0.0,6.0,5.0,1.0,6.0,5.0,1.0,5.0,7.0,-2.0,50.0,53.0,-3.0,400.0,1541.0,-1141.0,10.0,10.0,0.0,40.0,154.1,-114.1,37.3,26.8,10.499999999999996,14.5,10.1,4.4,7.9,12.4,-4.5,5.155503512880119,7.3354894308722285,-2.1799859179921093
KS-MO,Broad all-owner match,16,1.2112246632240675,KS,000191099406540,MO,21585,8.0,8.0,0.0,8.0,8.0,0.0,8.0,8.0,0.0,8.0,8.0,0.0,30.0,29.0,1.0,40.0,25.0,15.0,0.0,10.0,-10.0,0.0,2.5,-2.5,43.6,8.2,35.400000000000006,17.0,3.7,13.3,8.5,7.9,0.5999999999999996,8.377761055984317,6.374792447218149,2.0029686087661682
KS-MO,Broad all-owner match,17,1.281226568956343,KS,000191097106440,MO,12856,6.0,5.0,1.0,6.0,6.0,0.0,7.0,5.0,2.0,6.0,5.0,1.0,60.0,55.0,5.0,30.0,35.0,-5.0,0.0,10.0,-10.0,0.0,3.5,-3.5,10.7,7.6,3.0999999999999996,9.8,6.1,3.700000000000001,8.4,5.6,2.8000000000000007,9.693991992212316,6.796269295093673,2.8977226971186436
KS-MO,Broad all-owner match,18,1.809503923301662,KS,000111103006685,MO,528,5.0,6.0,-1.0,6.0,8.0,-2.0,5.0,7.0,-2.0,6.0,6.0,0.0,65.0,65.0,0.0,35.0,1208.0,-1173.0,5.0,15.0,-10.0,1.75,181.2,-179.45,16.8,56.7,-39.900000000000006,8.1,21.3,-13.200000000000001,7.6,8.1,-0.5,6.752700408375519,4.7695727658342015,1.9831276425413176
KS-MO,Broad all-owner match,19,2.289776538307117,KS,000191105506460,MO,2471,5.0,6.0,-1.0,6.0,6.0,0.0,7.0,6.0,1.0,5.0,6.0,-1.0,54.0,53.0,1.0,40.0,2530.0,-2490.0,0.0,13.0,-13.0,0.0,328.9,-328.9,18.6,48.5,-29.9,8.8,18.6,-9.8,8.4,12.4,-4.0,5.333654839187536,7.4655333880270485,-2.131878548839513
KS-MO,Broad all-owner match,20,2.730297435514889,KS,000191097206400,MO,8069,7.0,3.0,4.0,7.0,3.0,4.0,7.0,5.0,2.0,7.0,7.0,0.0,60.0,63.0,-3.0,30.0,515.0,-485.0,0.0,42.0,-42.0,0.0,216.3,-216.3,10.1,63.4,-53.3,4.6,23.8,-19.200000000000003,8.4,7.4,1.0,9.59120052966646,5.161482969821645,4.429717559844816
KS-MO,Broad all-owner match,21,0.4209546010973233,KS,000521073004189,MO,28220,6.0,6.0,0.0,6.0,7.0,-1.0,6.0,7.0,-1.0,7.0,6.0,1.0,45.0,45.0,0.0,146.0,184.0,-38.0,16.0,25.0,-9.0,23.36,46.0,-22.64,34.1,31.7,2.400000000000002,13.4,10.4,3.0,7.9,8.4,-0.5,9.721402257463996,8.90590820508675,0.8154940523772467
KS-MO,Broad all-owner match,22,0.47946121635822603,KS,507651050000001,MO,31391,7.0,7.0,0.0,7.0,7.0,0.0,7.0,7.0,0.0,8.0,7.0,1.0,19.0,21.0,-2.0,350.0,746.0,-396.0,15.0,9.0,6.0,52.5,67.14,-14.64,29.8,46.5,-16.7,11.5,18.3,-6.800000000000001,9.2,9.1,0.09999999999999964,7.233930025166345,7.635689520487869,-0.40175949532152355
KS-MO,Broad all-owner match,23,1.0029761513679993,KS,514301050000061,MO,31392,7.0,7.0,0.0,7.0,7.0,0.0,7.0,7.0,0.0,7.0,7.0,0.0,21.0,21.0,0.0,150.0,1189.0,-1039.0,1.0,2.0,-1.0,1.5,23.78,-22.28,36.0,46.6,-10.600000000000001,13.8,18.3,-4.5,9.2,9.1,0.09999999999999964,6.522913138979335,8.105753137999193,-1.5828399990198578
KS-MO,Broad all-owner match,24,1.317091725125042,KS,526350460000047,MO,31393,7.0,7.0,0.0,7.0,7.0,0.0,7.0,7.0,0.0,7.0,7.0,0.0,23.0,21.0,2.0,4210.0,1189.0,3021.0,6.0,2.0,4.0,252.6,23.78,228.82,36.0,46.6,-10.600000000000001,13.9,18.3,-4.4,14.2,9.1,5.1,9.76389659969731,8.116390444517869,1.6475061551794408
KS-MO,Broad all-owner match,25,0.42631221604409325,KS,999903201050841,MO,1437,6.0,5.0,1.0,6.0,5.0,1.0,7.0,5.0,2.0,7.0,6.0,1.0,54.0,57.0,-3.0,7200.0,29357.0,-22157.0,8.0,6.0,2.0,576.0,1761.42,-1185.42,40.5,39.6,0.8999999999999986,15.8,14.9,0.9000000000000004,12.8,12.4,0.40000000000000036,8.755497167344526,8.370949810056743,0.3845473572877829
KS-MO,Broad all-owner match,26,0.45625101733833884,KS,999903201050851,MO,1967,6.0,6.0,0.0,6.0,6.0,0.0,7.0,6.0,1.0,7.0,6.0,1.0,54.0,57.0,-3.0,7200.0,30543.0,-23343.0,8.0,6.0,2.0,576.0,1832.58,-1256.58,40.5,57.6,-17.1,15.8,17.7,-1.8999999999999986,12.8,12.4,0.40000000000000036,8.772377388913439,8.503086313566014,0.26929107534742514
KS-MO,Broad all-owner match,27,0.6554442927729686,KS,999907301050691,MO,1970,7.0,5.0,2.0,7.0,5.0,2.0,7.0,5.0,2.0,7.0,6.0,1.0,57.0,57.0,0.0,11489.0,31398.0,-19909.0,5.0,6.0,-1.0,574.45,1883.88,-1309.43,37.3,55.8,-18.5,14.6,16.5,-1.9000000000000004,12.8,15.8,-3.0,6.369587876650425,6.241017885994832,0.12856999065559283
KS-MO,Broad all-owner match,28,0.765616534186984,KS,999907300520101,MO,1441,6.0,5.0,1.0,6.0,5.0,1.0,7.0,5.0,2.0,8.0,7.0,1.0,57.0,57.0,0.0,11589.0,37086.0,-25497.0,5.0,6.0,-1.0,579.45,2225.16,-1645.7099999999998,40.4,54.6,-14.200000000000003,15.8,16.5,-0.6999999999999993,12.8,15.8,-3.0,3.475674766436023,4.489235928176101,-1.0135611617400784
KS-MO,Broad all-owner match,29,1.4926411008611167,KS,999903201050931,MO,1438,6.0,5.0,1.0,6.0,5.0,1.0,7.0,5.0,2.0,7.0,6.0,1.0,58.0,57.0,1.0,8750.0,25477.0,-16727.0,9.0,6.0,3.0,787.5,1528.62,-741.1199999999999,57.8,39.6,18.199999999999996,23.5,14.9,8.6,25.6,17.5,8.100000000000001,7.317873605269498,8.385137525000172,-1.0672639197306735
KS-MO,Broad all-owner match,30,1.8139949983825663,KS,999907300520621,MO,2908,7.0,6.0,1.0,7.0,6.0,1.0,7.0,6.0,1.0,7.0,8.0,-1.0,40.0,42.0,-2.0,11589.0,8036.0,3553.0,5.0,37.0,-32.0,579.45,2973.32,-2393.87,40.4,37.2,3.1999999999999957,15.8,14.9,0.9000000000000004,12.8,12.8,0.0,3.49034427778832,8.287686623206682,-4.797342345418362
KS-MO,Broad all-owner match,31,2.0054920053250975,KS,999903201050941,MO,1969,7.0,5.0,2.0,7.0,5.0,2.0,7.0,5.0,2.0,7.0,7.0,0.0,59.0,57.0,2.0,8750.0,33447.0,-24697.0,9.0,6.0,3.0,787.5,2006.82,-1219.32,43.6,55.8,-12.199999999999996,17.1,16.5,0.6000000000000014,28.0,15.8,12.2,6.117802221553934,6.234428769507206,-0.11662654795327221
KS-MO,Broad all-owner match,32,1.12235522626845,KS,514301050000033,MO,2795,6.0,6.0,0.0,7.0,7.0,0.0,7.0,6.0,1.0,6.0,6.0,0.0,40.0,41.0,-1.0,1770.0,3380.0,-1610.0,5.0,10.0,-5.0,88.5,338.0,-249.5,58.5,82.3,-23.799999999999997,22.8,26.5,-3.6999999999999993,11.8,13.9,-2.0999999999999996,4.424014554907306,6.999811554911851,-2.5757970000045445
KS-MO,Broad all-owner match,33,1.1421937624493463,KS,999943501052041,MO,2796,7.0,6.0,1.0,7.0,7.0,0.0,7.0,7.0,0.0,7.0,6.0,1.0,44.0,41.0,3.0,797.0,102.0,695.0,7.0,10.0,-3.0,55.79,10.2,45.59,116.6,82.0,34.599999999999994,38.1,34.4,3.700000000000003,22.7,17.5,5.199999999999999,6.534356888188352,5.397799294254652,1.1365575939337003
KS-MO,Broad all-owner match,34,1.521788050828507,KS,999900701052611,MO,2847,7.0,5.0,2.0,7.0,7.0,0.0,7.0,6.0,1.0,7.0,5.0,2.0,40.0,41.0,-1.0,5525.0,823.0,4702.0,0.0,3.0,-3.0,0.0,24.69,-24.69,84.5,118.9,-34.400000000000006,41.8,29.6,12.199999999999996,13.6,13.9,-0.3000000000000007,9.633292591538387,7.722332020903142,1.910960570635245
KS-MO,Broad all-owner match,35,2.054356534172886,KS,999943501052051,MO,2797,7.0,7.0,0.0,7.0,7.0,0.0,7.0,7.0,0.0,7.0,7.0,0.0,44.0,41.0,3.0,584.0,205.0,379.0,0.0,10.0,-10.0,0.0,20.5,-20.5,209.7,91.7,117.99999999999999,40.5,37.6,2.8999999999999986,9.1,17.5,-8.4,5.878597144436317,3.836556495346611,2.042040649089706
KS-MO,Broad all-owner match,36,0.1384295684567716,KS,999943501052351,MO,2780,6.0,6.0,0.0,7.0,7.0,0.0,7.0,7.0,0.0,6.0,6.0,0.0,41.0,41.0,0.0,19350.0,11209.0,8141.0,10.0,12.0,-2.0,1935.0,1345.08,589.9200000000001,1000.0,998.2,1.7999999999999545,129.5,129.5,0.0,17.7,17.9,-0.1999999999999993,0.04646269427050481,0.19820559713296376,-0.15174290286245895
KS-MO,Broad all-owner match,37,0.16716932036050872,KS,999943501052401,MO,2781,6.0,6.0,0.0,7.0,7.0,0.0,7.0,7.0,0.0,6.0,6.0,0.0,40.0,40.0,0.0,19350.0,11209.0,8141.0,10.0,12.0,-2.0,1935.0,1345.08,589.9200000000001,1002.1,989.4,12.700000000000045,129.5,129.5,0.0,17.7,17.9,-0.1999999999999993,0.025529453457758765,0.19326889377889211,-0.16773944032113336
KS-MO,Broad all-owner match,38,0.5447368025314554,KS,999902401052621,MO,2884,6.0,5.0,1.0,7.0,6.0,1.0,6.0,5.0,1.0,7.0,6.0,1.0,40.0,42.0,-2.0,13487.0,8036.0,5451.0,7.0,37.0,-30.0,944.09,2973.32,-2029.23,83.2,131.7,-48.499999999999986,41.1,43.0,-1.8999999999999986,13.3,12.8,0.5,8.47425781730801,8.476980111360536,-0.0027222940525266637
KS-MO,Broad all-owner match,39,0.6134422326488327,KS,999902401052631,MO,2817,6.0,6.0,0.0,7.0,7.0,0.0,6.0,7.0,-1.0,7.0,6.0,1.0,40.0,44.0,-4.0,13487.0,12498.0,989.0,7.0,13.0,-6.0,944.09,1624.74,-680.65,83.2,90.8,-7.599999999999994,41.1,40.2,0.8999999999999986,14.5,15.6,-1.0999999999999996,8.47425781730801,9.94616373266609,-1.4719059153580805
KS-MO,Broad all-owner match,40,0.7101920257656782,KS,999943501052251,MO,2905,7.0,5.0,2.0,7.0,7.0,0.0,7.0,6.0,1.0,7.0,5.0,2.0,40.0,42.0,-2.0,19800.0,13231.0,6569.0,9.0,12.0,-3.0,1782.0,1587.72,194.27999999999997,58.0,76.2,-18.200000000000003,23.2,32.6,-9.400000000000002,17.8,15.7,2.1000000000000014,3.401048259121482,3.0393965424957634,0.3616517166257185
KS-MO,Broad all-owner match,41,1.024068484456384,KS,999943501052061,MO,2923,7.0,7.0,0.0,7.0,7.0,0.0,7.0,7.0,0.0,7.0,7.0,0.0,44.0,42.0,2.0,31171.0,14819.0,16352.0,5.0,3.0,2.0,1558.55,444.57,1113.98,63.6,68.3,-4.699999999999996,31.7,34.7,-3.0000000000000036,17.9,14.2,3.6999999999999993,5.747456037460904,3.8438117891806978,1.9036442482802065
KS-MO,Broad all-owner match,42,1.0449215497720117,KS,999907001052103,MO,2822,7.0,6.0,1.0,7.0,7.0,0.0,7.0,7.0,0.0,8.0,6.0,2.0,44.0,42.0,2.0,28750.0,30967.0,-2217.0,13.0,12.0,1.0,3737.5,3716.04,21.460000000000036,45.3,72.5,-27.200000000000003,24.4,32.6,-8.200000000000003,12.8,12.6,0.20000000000000107,5.506477200031679,3.0473428391323205,2.459134360899358
KS-MO,Broad all-owner match,43,1.1033995767410383,KS,999907000520483,MO,6501,6.0,5.0,1.0,7.0,6.0,1.0,7.0,5.0,2.0,6.0,6.0,0.0,69.0,69.0,0.0,17396.0,10075.0,7321.0,19.0,4.0,15.0,3305.24,403.0,2902.24,62.2,47.9,14.300000000000004,23.6,20.4,3.200000000000003,10.5,15.5,-5.0,9.859529104256877,9.582386949877565,0.27714215437931244
KS-MO,Broad all-owner match,44,1.1324000462924209,KS,999943501051981,MO,2825,7.0,5.0,2.0,7.0,5.0,2.0,7.0,5.0,2.0,7.0,6.0,1.0,46.0,49.0,-3.0,37000.0,12309.0,24691.0,9.0,9.0,0.0,3330.0,1107.81,2222.19,115.6,47.2,68.39999999999999,21.9,20.4,1.5,17.6,13.0,4.600000000000001,8.002208292638644,9.591298505287224,-1.5890902126485802
KS-MO,Broad all-owner match,45,1.160571949257182,KS,999943501052181,MO,2883,7.0,6.0,1.0,7.0,7.0,0.0,7.0,6.0,1.0,7.0,6.0,1.0,41.0,42.0,-1.0,31171.0,28414.0,2757.0,5.0,3.0,2.0,1558.55,852.42,706.13,54.9,116.1,-61.199999999999996,28.3,34.9,-6.599999999999998,23.9,28.3,-4.400000000000002,5.062158238292666,3.2337658694384968,1.828392368854169
KS-MO,Broad all-owner match,46,1.1962768489325808,KS,999943501051991,MO,2894,7.0,6.0,1.0,7.0,7.0,0.0,7.0,7.0,0.0,7.0,6.0,1.0,46.0,46.0,0.0,37000.0,3047.0,33953.0,9.0,10.0,-1.0,3330.0,304.7,3025.3,115.8,90.8,25.0,21.9,27.1,-5.200000000000003,17.6,13.0,4.600000000000001,7.992191491520808,8.830971656846064,-0.8387801653252556
KS-MO,Broad all-owner match,47,1.4272607778726325,KS,999943501052341,MO,2803,6.0,6.0,0.0,7.0,7.0,0.0,7.0,7.0,0.0,6.0,6.0,0.0,40.0,44.0,-4.0,19350.0,5048.0,14302.0,10.0,12.0,-2.0,1935.0,605.76,1329.24,133.5,99.1,34.400000000000006,32.9,38.1,-5.200000000000003,20.3,28.3,-8.0,1.3487306855478771,1.6689225234904326,-0.32019183794255546
KS-MO,Broad all-owner match,48,1.5803910881617853,KS,999943501052001,MO,2818,6.0,5.0,1.0,7.0,5.0,2.0,6.0,6.0,0.0,6.0,6.0,0.0,46.0,49.0,-3.0,34900.0,12309.0,22591.0,9.0,9.0,0.0,3141.0,1107.81,2033.19,49.9,91.7,-41.800000000000004,25.0,39.6,-14.600000000000001,17.6,13.0,4.600000000000001,7.351359810319316,9.957036174307937,-2.6056763639886213
KS-MO,Broad all-owner match,49,1.5811022569813677,KS,999943501052371,MO,2903,6.0,6.0,0.0,7.0,6.0,1.0,7.0,6.0,1.0,6.0,7.0,-1.0,41.0,46.0,-5.0,33630.0,3047.0,30583.0,9.0,10.0,-1.0,3026.7,304.7,2722.0,82.7,162.2,-79.49999999999999,41.3,44.5,-3.200000000000003,17.9,13.0,4.899999999999999,6.314230010061441,8.907747457730295,-2.5935174476688543
KS-MO,Broad all-owner match,50,1.7323602307561912,KS,999943501052011,MO,2824,5.0,5.0,0.0,5.0,6.0,-1.0,6.0,5.0,1.0,6.0,5.0,1.0,44.0,44.0,0.0,34900.0,588.0,34312.0,9.0,18.0,-9.0,3141.0,105.84,3035.16,49.9,47.2,2.6999999999999957,25.0,20.4,4.600000000000001,17.9,11.8,6.099999999999998,7.3614502557126835,9.594947877445891,-2.233497621733208
KS-MO,Broad all-owner match,51,1.8795610749654448,KS,999943501051961,MO,2882,6.0,5.0,1.0,7.0,6.0,1.0,6.0,5.0,1.0,7.0,6.0,1.0,45.0,48.0,-3.0,37900.0,6437.0,31463.0,8.0,5.0,3.0,3032.0,321.85,2710.15,46.9,118.9,-72.0,24.2,43.3,-19.099999999999998,20.3,27.2,-6.899999999999999,8.706605114266175,8.821473269336769,-0.11486815507059411
KS-MO,Broad all-owner match,52,1.917793513563754,KS,999943501052361,MO,2819,6.0,6.0,0.0,6.0,6.0,0.0,7.0,6.0,1.0,7.0,6.0,1.0,41.0,44.0,-3.0,33630.0,791.0,32839.0,9.0,18.0,-9.0,3026.7,142.38,2884.3199999999997,80.4,89.6,-9.199999999999989,40.2,39.6,0.6000000000000014,17.9,12.0,5.899999999999999,6.348601054417357,9.963068006859663,-3.6144669524423056
KS-MO,Broad all-owner match,53,1.9230246483988187,KS,999907301053211,MO,30754,7.0,6.0,1.0,7.0,7.0,0.0,8.0,7.0,1.0,8.0,6.0,2.0,16.0,21.0,-5.0,10340.0,7259.0,3081.0,6.0,7.0,-1.0,620.4,508.13,112.26999999999998,109.1,67.8,41.3,54.0,34.5,19.5,16.1,13.0,3.1000000000000014,7.603446726895938,3.851377322186066,3.752069404709872
KS-MO,Broad all-owner match,54,0.49624987894446293,KS,526350460000067,MO,32477,7.0,8.0,-1.0,7.0,8.0,-1.0,8.0,8.0,0.0,7.0,8.0,-1.0,16.0,17.0,-1.0,200.0,313.0,-113.0,5.0,11.0,-6.0,10.0,34.43,-24.43,31.1,28.2,2.900000000000002,30.3,25.6,4.699999999999999,11.6,11.7,-0.09999999999999964,9.716180216797355,9.847791033371838,-0.13161081657448293
KS-MO,Broad all-owner match,55,1.600405597994409,KS,514301050000066,MO,25367,7.0,6.0,1.0,8.0,6.0,2.0,8.0,8.0,0.0,7.0,7.0,0.0,49.0,53.0,-4.0,1610.0,3289.0,-1679.0,1.0,38.0,-37.0,16.1,1249.82,-1233.72,20.1,12.7,7.400000000000002,18.7,11.5,7.199999999999999,9.8,10.5,-0.6999999999999993,6.159718789426846,7.491197926240227,-1.331479136813381
KS-MO,Broad all-owner match,56,1.228327166804831,KS,514301050000078,MO,2816,6.0,6.0,0.0,6.0,7.0,-1.0,7.0,7.0,0.0,7.0,6.0,1.0,46.0,44.0,2.0,451.0,1792.0,-1341.0,5.0,11.0,-6.0,22.55,197.12,-174.57,28.0,41.1,-13.100000000000001,13.7,13.8,-0.10000000000000142,8.1,14.2,-6.1,0.49330643540459995,0.6521081021160293,-0.15880166671142937
KS-MO,Broad all-owner match,57,0.6273136643892683,KS,999907001052701,MO,3280,7.0,5.0,2.0,7.0,7.0,0.0,8.0,6.0,2.0,7.0,5.0,2.0,40.0,37.0,3.0,34647.0,31800.0,2847.0,11.0,7.0,4.0,3811.17,2226.0,1585.17,46.7,101.5,-54.8,24.4,23.2,1.1999999999999993,17.7,15.1,2.5999999999999996,5.2928804738592445,5.021826077218909,0.27105439664033515
KS-MO,Broad all-owner match,58,0.7465876083629456,KS,999943501052281,MO,2909,7.0,6.0,1.0,7.0,7.0,0.0,8.0,6.0,2.0,7.0,6.0,1.0,40.0,44.0,-4.0,19800.0,11209.0,8591.0,9.0,12.0,-3.0,1782.0,1345.08,436.9200000000001,58.0,110.6,-52.599999999999994,19.1,22.4,-3.299999999999997,17.8,17.9,-0.09999999999999787,2.118190778698513,0.500772126367135,1.617418652331378
KS-MO,Broad all-owner match,59,0.7529298011633654,KS,999943501052271,MO,2804,6.0,6.0,0.0,6.0,7.0,-1.0,8.0,6.0,2.0,7.0,6.0,1.0,40.0,44.0,-4.0,19800.0,5464.0,14336.0,9.0,17.0,-8.0,1782.0,928.88,853.12,58.0,103.0,-45.0,19.1,20.8,-1.6999999999999993,17.8,14.1,3.700000000000001,2.1266257867423732,1.7384831946630919,0.38814259207928137
KS-MO,Broad all-owner match,60,0.7531201315423804,KS,999907001052563,MO,3281,7.0,5.0,2.0,7.0,7.0,0.0,7.0,7.0,0.0,7.0,5.0,2.0,41.0,37.0,4.0,34647.0,20050.0,14597.0,11.0,11.0,0.0,3811.17,2205.5,1605.67,55.8,101.5,-45.7,30.5,23.2,7.300000000000001,17.7,15.1,2.5999999999999996,4.6655016887545395,5.001342325736014,-0.3358406369814748
KS-MO,Broad all-owner match,61,1.2541903499480944,KS,999907001052553,MO,2802,7.0,5.0,2.0,7.0,7.0,0.0,7.0,7.0,0.0,7.0,5.0,2.0,41.0,42.0,-1.0,34647.0,23569.0,11078.0,11.0,12.0,-1.0,3811.17,2828.28,982.8899999999999,55.8,48.5,7.299999999999997,30.5,16.8,13.7,17.7,12.6,5.1,4.646656571217855,3.6104005337814034,1.036256037436452
KS-MO,Broad all-owner match,62,1.319432648139785,KS,999907001052711,MO,2840,7.0,7.0,0.0,7.0,7.0,0.0,8.0,7.0,1.0,7.0,7.0,0.0,40.0,44.0,-4.0,34647.0,8036.0,26611.0,11.0,37.0,-26.0,3811.17,2973.32,837.8499999999999,46.7,55.8,-9.099999999999994,24.4,16.2,8.2,20.8,21.7,-0.8999999999999986,5.2928804738592445,8.605069896326679,-3.3121894224674344
KS-MO,Broad all-owner match,63,2.375985805363097,KS,999903500460371,MO,3806,7.0,5.0,2.0,7.0,5.0,2.0,7.0,5.0,2.0,7.0,5.0,2.0,67.0,70.0,-3.0,67500.0,20786.0,46714.0,10.0,5.0,5.0,6750.0,1039.3,5710.7,52.0,17.1,34.9,19.8,17.1,2.6999999999999993,20.7,8.8,11.899999999999999,4.202709003984749,0.8812518998042982,3.3214571041804506
KS-MO,Broad all-owner match,64,2.9935702341806167,KS,999903500460381,MO,3805,7.0,5.0,2.0,7.0,5.0,2.0,7.0,5.0,2.0,7.0,6.0,1.0,67.0,70.0,-3.0,67500.0,20786.0,46714.0,10.0,5.0,5.0,6750.0,1039.3,5710.7,52.0,18.6,33.4,19.8,18.6,1.1999999999999993,23.7,7.3,16.4,4.202709003984749,0.8785171190860774,3.3241918848986716
KS-MO,Broad all-owner match,65,2.0340159377145466,KS,999963501050551,MO,917,7.0,5.0,2.0,7.0,5.0,2.0,7.0,5.0,2.0,7.0,6.0,1.0,57.0,60.0,-3.0,0.0,5061.0,-5061.0,1.0,5.0,-4.0,0.0,253.05,-253.05,61.7,123.1,-61.39999999999999,17.7,24.6,-6.900000000000002,12.9,10.5,2.4000000000000004,1.7612392277434752,0.8117220005411423,0.9495172272023329
KS-MO,Broad all-owner match,66,2.0453361693516467,KS,999963501050371,MO,1406,7.0,5.0,2.0,7.0,5.0,2.0,7.0,5.0,2.0,7.0,7.0,0.0,54.0,57.0,-3.0,621.0,5430.0,-4809.0,0.0,5.0,-5.0,0.0,271.5,-271.5,79.1,76.2,2.8999999999999915,25.9,22.6,3.299999999999997,12.9,11.7,1.200000000000001,3.884871074458999,5.899421302412079,-2.01455022795308
KS-MO,Broad all-owner match,67,2.2915008161255086,KS,999907001050271,MO,6607,5.0,6.0,-1.0,5.0,6.0,-1.0,6.0,6.0,0.0,5.0,6.0,-1.0,66.0,66.0,0.0,2595.0,7371.0,-4776.0,0.0,5.0,-5.0,0.0,368.55,-368.55,234.7,155.1,79.6,19.5,29.0,-9.5,26.1,22.0,4.100000000000001,0.758411263715968,1.9004865191770488,-1.142075255461081
KS-MO,Broad all-owner match,68,0.5743454319406632,KS,999963501050561,MO,1400,7.0,6.0,1.0,7.0,6.0,1.0,7.0,6.0,1.0,8.0,6.0,2.0,55.0,58.0,-3.0,24937.0,42769.0,-17832.0,12.0,18.0,-6.0,2992.44,7698.42,-4705.98,68.1,49.4,18.699999999999996,27.4,22.4,5.0,16.9,16.8,0.09999999999999787,1.3823161503493098,0.5101925489099051,0.8721236014394047
KS-MO,Broad all-owner match,69,0.6595538017691684,KS,999963501050571,MO,1402,6.0,5.0,1.0,6.0,5.0,1.0,7.0,5.0,2.0,7.0,6.0,1.0,55.0,59.0,-4.0,24937.0,42787.0,-17850.0,12.0,18.0,-6.0,2992.44,7701.66,-4709.219999999999,68.1,47.5,20.599999999999994,27.4,20.8,6.599999999999998,16.9,15.5,1.3999999999999986,1.3823161503493098,0.6748858968872092,0.7074302534621005
KS-MO,Broad all-owner match,70,1.1488494433459517,KS,418600462865006,MO,270,6.0,5.0,1.0,6.0,5.0,1.0,6.0,5.0,1.0,6.0,7.0,-1.0,71.0,66.0,5.0,10800.0,8325.0,2475.0,12.0,5.0,7.0,1296.0,416.25,879.75,23.2,60.4,-37.2,7.5,18.3,-10.8,21.3,17.1,4.199999999999999,4.569818789340949,3.5171900302541914,1.0526287590867573
KS-MO,Broad all-owner match,71,1.7820531528414718,KS,999903501050021,MO,767,6.0,5.0,1.0,7.0,5.0,2.0,6.0,5.0,1.0,6.0,6.0,0.0,66.0,65.0,1.0,9548.0,2716.0,6832.0,0.0,5.0,-5.0,0.0,135.8,-135.8,68.4,59.4,9.000000000000007,19.8,18.9,0.9000000000000021,8.9,10.8,-1.9000000000000004,2.596769930907284,4.195459398379813,-1.5986894674725294
KS-MO,Broad all-owner match,72,2.078368862136769,KS,414301052524073,MO,19501,6.0,5.0,1.0,6.0,5.0,1.0,6.0,5.0,1.0,7.0,5.0,2.0,50.0,53.0,-3.0,18600.0,2200.0,16400.0,8.0,10.0,-2.0,1488.0,220.0,1268.0,47.4,36.9,10.5,17.9,26.5,-8.600000000000001,23.5,17.4,6.100000000000001,2.370198024887893,6.8704373652318464,-4.500239340343954
KS-MO,Broad all-owner match,73,2.8386829994995226,KS,514301050000254,MO,590,6.0,6.0,0.0,6.0,6.0,0.0,6.0,6.0,0.0,6.0,6.0,0.0,59.0,64.0,-5.0,6585.0,6478.0,107.0,15.0,10.0,5.0,987.75,647.8,339.95000000000005,40.4,43.0,-2.6000000000000014,15.7,20.8,-5.100000000000001,32.3,16.5,15.799999999999997,4.5510386482056004,1.3263616401874492,3.2246770080181513
KS-MO,Broad all-owner match,74,3.2575233133137727,KS,999900501051911,MO,25435,5.0,7.0,-2.0,5.0,7.0,-2.0,7.0,7.0,0.0,7.0,7.0,0.0,49.0,44.0,5.0,621.0,11001.0,-10380.0,0.0,1.0,-1.0,0.0,110.01,-110.01,52.0,40.5,11.5,15.5,22.6,-7.100000000000001,9.8,27.1,-17.3,0.8887555057639807,0.8345031866428466,0.05425231912113404
KS-MO,Broad all-owner match,75,0.458801090169405,KS,999907001051723,MO,1374,6.0,6.0,0.0,6.0,6.0,0.0,7.0,6.0,1.0,7.0,7.0,0.0,54.0,57.0,-3.0,44750.0,42076.0,2674.0,8.0,15.0,-7.0,3580.0,6311.4,-2731.3999999999996,49.5,49.1,0.3999999999999986,19.5,21.9,-2.3999999999999986,17.0,16.1,0.8999999999999986,3.912279348597202,4.860289043755463,-0.9480096951582611
KS-MO,Broad all-owner match,76,0.5390926298469587,KS,999907001051583,MO,1375,6.0,6.0,0.0,7.0,6.0,1.0,7.0,6.0,1.0,6.0,7.0,-1.0,54.0,57.0,-3.0,44750.0,39577.0,5173.0,8.0,19.0,-11.0,3580.0,7519.63,-3939.63,49.5,49.1,0.3999999999999986,19.5,21.9,-2.3999999999999986,17.7,16.1,1.5999999999999979,3.8948342000140412,4.8757808956498705,-0.9809466956358293
KS-MO,Broad all-owner match,77,0.7789174454455474,KS,999963501050351,MO,1366,6.0,6.0,0.0,6.0,6.0,0.0,6.0,6.0,0.0,7.0,6.0,1.0,54.0,57.0,-3.0,34697.0,33440.0,1257.0,9.0,15.0,-6.0,3122.73,5016.0,-1893.27,49.5,46.6,2.8999999999999986,19.5,19.5,0.0,19.6,16.1,3.5,3.8272758917041783,5.204553654480662,-1.377277762776484
KS-MO,Broad all-owner match,78,1.0054483500846292,KS,999906900461191,MO,258,5.0,5.0,0.0,6.0,5.0,1.0,5.0,5.0,0.0,5.0,7.0,-2.0,70.0,67.0,3.0,19780.0,57907.0,-38127.0,3.0,18.0,-15.0,593.4,10423.26,-9829.86,42.6,43.9,-1.2999999999999972,16.8,19.5,-2.6999999999999993,18.4,19.0,-0.6000000000000014,3.189991060945753,2.715323532133223,0.47466752881252994
KS-MO,Broad all-owner match,79,1.0563793496696412,KS,999963501050341,MO,1365,6.0,6.0,0.0,6.0,6.0,0.0,6.0,6.0,0.0,7.0,6.0,1.0,54.0,57.0,-3.0,34697.0,34496.0,201.0,9.0,19.0,-10.0,3122.73,6554.24,-3431.5099999999998,49.5,46.6,2.8999999999999986,19.5,19.5,0.0,21.6,16.1,5.5,3.8420691674763763,5.219431314464389,-1.3773621469880126
KS-MO,Broad all-owner match,80,1.3414735641046656,KS,999963501053071,MO,29083,7.0,6.0,1.0,7.0,6.0,1.0,7.0,6.0,1.0,7.0,8.0,-1.0,21.0,23.0,-2.0,29740.0,37145.0,-7405.0,10.0,12.0,-2.0,2974.0,4457.4,-1483.3999999999996,50.0,44.0,6.0,19.2,17.1,2.099999999999998,20.9,24.7,-3.8000000000000007,2.422033508174014,5.683768113799352,-3.261734605625338
KS-MO,Broad all-owner match,81,1.3653251302068727,KS,999963501053081,MO,29081,7.0,7.0,0.0,7.0,7.0,0.0,7.0,7.0,0.0,7.0,8.0,-1.0,21.0,23.0,-2.0,29740.0,45096.0,-15356.0,10.0,12.0,-2.0,2974.0,5411.52,-2437.5200000000004,50.0,44.0,6.0,19.2,17.1,2.099999999999998,20.9,24.8,-3.900000000000002,2.4151078321717785,5.703168365431519,-3.28806053325974
KS-MO,Broad all-owner match,82,1.6123005794690355,KS,999963501050501,MO,25468,6.0,7.0,-1.0,7.0,7.0,0.0,6.0,7.0,-1.0,7.0,7.0,0.0,57.0,60.0,-3.0,29740.0,23596.0,6144.0,10.0,5.0,5.0,2974.0,1179.8,1794.2,36.1,25.6,10.5,14.0,9.1,4.9,38.8,46.3,-7.5,2.744371862370309,0.08855393266953625,2.6558179297007727
KS-MO,Broad all-owner match,83,0.5101102231435868,KS,999916901050741,MO,6505,5.0,6.0,-1.0,7.0,6.0,1.0,7.0,7.0,0.0,5.0,6.0,-1.0,67.0,72.0,-5.0,5345.0,4404.0,941.0,4.0,7.0,-3.0,213.8,308.28,-94.47999999999996,79.5,87.5,-8.0,40.2,43.9,-3.6999999999999957,19.4,18.6,0.7999999999999972,0.9914790505922978,2.0041082092421805,-1.0126291586498826
KS-MO,Broad all-owner match,84,0.4983589256196279,KS,514301050000311,MO,6487,4.0,5.0,-1.0,5.0,6.0,-1.0,6.0,6.0,0.0,4.0,5.0,-1.0,64.0,67.0,-3.0,356.0,3416.0,-3060.0,90.0,5.0,85.0,320.4,170.8,149.59999999999997,39.9,58.5,-18.6,15.2,15.8,-0.6000000000000014,8.5,11.0,-2.5,5.649900049658171,5.879037936085282,-0.22913788642711097
KS-MO,Broad all-owner match,85,1.0519773395293301,KS,421950460000261,MO,29151,7.0,7.0,0.0,7.0,7.0,0.0,7.0,9.0,-2.0,7.0,8.0,-1.0,27.0,24.0,3.0,11600.0,2075.0,9525.0,2.0,2.0,0.0,232.0,41.5,190.5,77.2,93.2,-16.0,28.9,31.0,-2.1000000000000014,19.4,15.3,4.099999999999998,4.2058793681432,5.7107684171468,-1.5048890490035998
KS-MO,Broad all-owner match,86,1.0631857758232244,KS,514301050000144,MO,25385,7.0,6.0,1.0,7.0,6.0,1.0,7.0,6.0,1.0,7.0,6.0,1.0,31.0,35.0,-4.0,6585.0,3384.0,3201.0,10.0,18.0,-8.0,658.5,609.12,49.379999999999995,240.6,189.0,51.599999999999994,31.3,19.8,11.5,12.4,15.8,-3.4000000000000004,1.4957425648702076,2.555767438795883,-1.0600248739256755
KS-MO,Broad all-owner match,87,1.0822519747543686,KS,51860046T.519.5,MO,25412,7.0,7.0,0.0,7.0,7.0,0.0,8.0,7.0,1.0,8.0,7.0,1.0,44.0,41.0,3.0,17000.0,2332.0,14668.0,3.0,5.0,-2.0,510.0,116.6,393.4,46.0,43.0,3.0,15.2,20.4,-5.199999999999999,23.0,20.9,2.1000000000000014,4.637104593388598,2.3272518492792433,2.3098527441093544
KS-MO,Broad all-owner match,88,1.339891521365204,KS,999902401051751,MO,35848,5.0,6.0,-1.0,6.0,7.0,-1.0,5.0,7.0,-2.0,7.0,6.0,1.0,63.0,59.0,4.0,3880.0,100.0,3780.0,4.0,10.0,-6.0,155.2,10.0,145.2,218.0,86.8,131.2,32.0,27.4,4.600000000000001,10.9,10.8,0.09999999999999964,0.4669215319938638,0.27055640413109977,0.19636512786276406
KS-MO,Broad all-owner match,89,1.3521344415115444,KS,999963501053111,MO,31550,7.0,6.0,1.0,7.0,7.0,0.0,8.0,9.0,-1.0,8.0,6.0,2.0,20.0,19.0,1.0,5738.0,793.0,4945.0,0.0,5.0,-5.0,0.0,39.65,-39.65,47.3,46.5,0.7999999999999972,23.3,26.0,-2.6999999999999993,20.8,18.1,2.6999999999999993,2.204880582133364,1.5756274108593418,0.6292531712740221
KS-MO,Broad all-owner match,90,1.4208039569185016,KS,414301052865258,MO,25446,7.0,6.0,1.0,7.0,6.0,1.0,7.0,6.0,1.0,7.0,6.0,1.0,60.0,65.0,-5.0,17850.0,6307.0,11543.0,15.0,4.0,11.0,2677.5,252.28,2425.22,74.1,54.3,19.799999999999997,32.3,22.9,9.399999999999999,18.9,17.4,1.5,0.8822268988058678,3.5537116026277515,-2.671484703821884
KS-MO,Broad all-owner match,91,1.4835677901505777,KS,414301052865136,MO,4139,7.0,7.0,0.0,7.0,7.0,0.0,7.0,8.0,-1.0,7.0,8.0,-1.0,29.0,30.0,-1.0,7720.0,4342.0,3378.0,6.0,5.0,1.0,463.2,217.1,246.1,33.5,57.9,-24.4,16.7,34.1,-17.400000000000002,18.9,14.0,4.899999999999999,0.9914274342532536,2.4756956834200796,-1.484268249166826
KS-MO,Broad all-owner match,92,1.5440589912593297,KS,514301050000149,MO,25392,7.0,5.0,2.0,7.0,6.0,1.0,8.0,5.0,3.0,7.0,5.0,2.0,60.0,56.0,4.0,17850.0,2924.0,14926.0,15.0,5.0,10.0,2677.5,146.2,2531.3,205.4,103.6,101.80000000000001,42.6,40.8,1.8000000000000043,16.8,11.5,5.300000000000001,0.9464157993335527,1.9221222764194765,-0.9757064770859238
KS-MO,Broad all-owner match,93,1.624373029630818,KS,999903500463251,MO,4141,6.0,7.0,-1.0,7.0,7.0,0.0,6.0,8.0,-2.0,7.0,8.0,-1.0,27.0,30.0,-3.0,0.0,746.0,-746.0,1.0,5.0,-4.0,0.0,37.3,-37.3,146.9,73.8,73.10000000000001,46.0,41.4,4.600000000000001,20.6,16.9,3.700000000000003,4.187949635973177,2.425787643012795,1.7621619929603818
KS-MO,Broad all-owner match,94,1.6350548898980701,KS,514301050000243,MO,2958,7.0,6.0,1.0,7.0,6.0,1.0,7.0,8.0,-1.0,7.0,8.0,-1.0,32.0,28.0,4.0,12460.0,10966.0,1494.0,75.0,3.0,72.0,9345.0,328.98,9016.02,145.7,89.9,55.79999999999998,26.5,40.8,-14.299999999999997,12.4,14.0,-1.5999999999999996,5.217222529786126,6.865419982375205,-1.6481974525890797
KS-MO,Broad all-owner match,95,1.7197383694527546,KS,999907001052501,MO,3962,6.0,6.0,0.0,7.0,7.0,0.0,6.0,7.0,-1.0,7.0,6.0,1.0,35.0,32.0,3.0,0.0,1748.0,-1748.0,1.0,5.0,-4.0,0.0,87.4,-87.4,78.4,68.0,10.400000000000006,32.5,31.2,1.3000000000000007,9.9,13.3,-3.4000000000000004,1.242059869526235,2.890904386421942,-1.6488445168957069
KS-MO,Broad all-owner match,96,1.795601586839473,KS,999906901051311,MO,18929,6.0,5.0,1.0,7.0,5.0,2.0,7.0,8.0,-1.0,6.0,7.0,-1.0,66.0,65.0,1.0,6111.0,120.0,5991.0,0.0,10.0,-10.0,0.0,12.0,-12.0,53.3,31.7,21.599999999999998,25.0,5.2,19.8,11.0,5.1,5.9,2.0974654882477037,2.1064192772155685,-0.008953788967864806
KS-MO,Broad all-owner match,97,1.8596238532029434,KS,514301050000225,MO,25422,7.0,7.0,0.0,7.0,7.0,0.0,7.0,8.0,-1.0,7.0,7.0,0.0,43.0,40.0,3.0,1250.0,2068.0,-818.0,5.0,5.0,0.0,62.5,103.4,-40.900000000000006,41.1,132.0,-90.9,18.2,33.5,-15.3,12.5,21.3,-8.8,0.8703435264824144,1.4271605380843224,-0.556817011601908
KS-MO,Broad all-owner match,98,1.8857515737871489,KS,999963501053101,MO,34123,7.0,7.0,0.0,7.0,7.0,0.0,7.0,7.0,0.0,8.0,8.0,0.0,21.0,17.0,4.0,0.0,2675.0,-2675.0,1.0,4.0,-3.0,0.0,107.0,-107.0,53.4,193.2,-139.79999999999998,26.3,24.4,1.9000000000000021,13.4,13.3,0.09999999999999964,1.0323115463264003,0.5635318258244332,0.46877972050196715
KS-MO,Broad all-owner match,99,1.9145242417656285,KS,999963501050461,MO,37449,6.0,6.0,0.0,7.0,7.0,0.0,6.0,6.0,0.0,7.0,7.0,0.0,52.0,56.0,-4.0,497.0,190.0,307.0,0.0,3.0,-3.0,0.0,5.7,-5.7,131.3,95.6,35.70000000000002,48.8,36.9,11.899999999999999,16.6,9.1,7.500000000000002,3.496374896815902,0.5375032572471171,2.958871639568785
KS-MO,Broad all-owner match,100,1.9550752072433564,KS,999963501053261,MO,34115,7.0,7.0,0.0,8.0,7.0,1.0,8.0,8.0,0.0,7.0,8.0,-1.0,10.0,15.0,-5.0,2300.0,4209.0,-1909.0,0.0,2.0,-2.0,0.0,84.18,-84.18,74.4,130.1,-55.69999999999999,36.6,39.6,-3.0,10.5,11.2,-0.6999999999999993,3.826542282959004,7.041351655233199,-3.214809372274195
KS-MO,Broad all-owner match,101,1.9966129006574866,KS,999963501053041,MO,31538,7.0,7.0,0.0,7.0,7.0,0.0,8.0,9.0,-1.0,8.0,7.0,1.0,21.0,19.0,2.0,5738.0,6435.0,-697.0,0.0,5.0,-5.0,0.0,321.75,-321.75,47.3,51.2,-3.9000000000000057,23.3,28.3,-5.0,22.9,24.1,-1.2000000000000028,2.204880582133364,1.5134451206186643,0.6914354615146996
KS-MO,Broad all-owner match,102,2.1224529148881452,KS,999907001050211,MO,6409,6.0,6.0,0.0,7.0,8.0,-1.0,7.0,7.0,0.0,6.0,6.0,0.0,68.0,71.0,-3.0,5222.0,4998.0,224.0,0.0,5.0,-5.0,0.0,249.9,-249.9,44.0,79.6,-35.599999999999994,22.7,21.3,1.3999999999999986,18.4,17.8,0.5999999999999979,1.4936667393699532,4.2024263298256965,-2.7087595904557435
KS-MO,Broad all-owner match,103,2.282066527160487,KS,999963501050321,MO,25424,7.0,7.0,0.0,8.0,7.0,1.0,7.0,7.0,0.0,7.0,7.0,0.0,54.0,50.0,4.0,3711.0,3130.0,581.0,0.0,5.0,-5.0,0.0,156.5,-156.5,82.1,148.1,-66.0,27.7,26.5,1.1999999999999993,21.4,18.2,3.1999999999999993,3.8270111224145817,0.11378525347524487,3.713225868939337
KS-MO,Broad all-owner match,104,2.30037747849186,KS,41430105260049C,MO,25413,7.0,6.0,1.0,7.0,6.0,1.0,7.0,7.0,0.0,7.0,7.0,0.0,35.0,37.0,-2.0,2000.0,9348.0,-7348.0,80.0,5.0,75.0,1600.0,467.4,1132.6,185.6,54.6,131.0,21.3,20.1,1.1999999999999993,8.6,20.7,-12.1,0.5366829637979555,2.260808146096676,-1.7241251822987205
KS-MO,Broad all-owner match,105,2.5628135017785953,KS,999963501051821,MO,25400,5.0,7.0,-2.0,5.0,7.0,-2.0,7.0,7.0,0.0,7.0,7.0,0.0,51.0,54.0,-3.0,621.0,9495.0,-8874.0,0.0,5.0,-5.0,0.0,474.75,-474.75,169.4,353.1,-183.70000000000002,62.8,52.3,10.5,13.0,12.0,1.0,0.6486567778040273,0.0019803019771198927,0.6466764758269075
KS-MO,Broad all-owner match,106,2.637424694907147,KS,999954001051781,MO,6488,6.0,6.0,0.0,7.0,6.0,1.0,6.0,7.0,-1.0,7.0,6.0,1.0,63.0,67.0,-4.0,2691.0,3837.0,-1146.0,0.0,3.0,-3.0,0.0,115.11,-115.11,221.8,79.2,142.60000000000002,38.1,21.6,16.5,10.0,10.1,-0.09999999999999964,0.4292458068643402,4.604004556608543,-4.1747587497442025
KS-MO,Broad all-owner match,107,2.886099811446371,KS,514301050000143,MO,25404,5.0,6.0,-1.0,5.0,7.0,-2.0,6.0,6.0,0.0,5.0,6.0,-1.0,61.0,64.0,-3.0,5824.0,15482.0,-9658.0,1.0,5.0,-4.0,58.24,774.1,-715.86,446.8,637.6,-190.8,33.2,47.2,-14.0,9.9,18.6,-8.700000000000001,1.2482754225402146,6.0145198441733605,-4.766244421633146
KS-MO,Broad all-owner match,108,2.9438164486208973,KS,514301050000021,MO,25416,5.0,7.0,-2.0,7.0,7.0,0.0,8.0,7.0,1.0,5.0,7.0,-2.0,95.0,95.0,0.0,3770.0,7794.0,-4024.0,10.0,6.0,4.0,377.0,467.64,-90.63999999999999,312.4,222.2,90.19999999999999,63.7,30.5,33.2,12.6,24.8,-12.200000000000001,1.7405254305712126,1.4917971476310612,0.24872828294015137
KS-MO,Broad all-owner match,109,3.165683376049357,KS,999907001051741,MO,6410,4.0,4.0,0.0,4.0,5.0,-1.0,5.0,5.0,0.0,6.0,4.0,2.0,66.0,71.0,-5.0,5455.0,1934.0,3521.0,0.0,5.0,-5.0,0.0,96.7,-96.7,439.6,123.7,315.90000000000003,41.9,36.6,5.299999999999997,8.4,9.9,-1.5,0.316704106448774,4.538737318581829,-4.222033212133055
KS-MO,Broad all-owner match,110,3.47555445304907,KS,414301052560002,MO,25425,5.0,6.0,-1.0,7.0,7.0,0.0,8.0,8.0,0.0,5.0,6.0,-1.0,38.0,36.0,2.0,4900.0,25436.0,-20536.0,60.0,3.0,57.0,2940.0,763.08,2176.92,271.3,444.1,-172.8,87.7,50.9,36.800000000000004,10.4,24.2,-13.799999999999999,0.48771709712988653,0.8498452474546724,-0.36212815032478585
KS-MO,Broad all-owner match,111,4.77681774907073,KS,514301050000244,MO,25396,7.0,5.0,2.0,7.0,5.0,2.0,7.0,5.0,2.0,7.0,5.0,2.0,77.0,74.0,3.0,4190.0,1757.0,2433.0,80.0,11.0,69.0,3352.0,193.27,3158.73,784.3,152.4,631.9,27.4,36.6,-9.200000000000003,11.6,10.7,0.9000000000000004,3.727845203098465,0.9300994318409033,2.7977457712575617
KS-MO,Broad all-owner match,112,0.051309513239290686,KS,999906901053391,MO,35042,6.0,6.0,0.0,6.0,6.0,0.0,7.0,7.0,0.0,7.0,7.0,0.0,9.0,9.0,0.0,11980.0,13188.0,-1208.0,12.0,12.0,0.0,1437.6,1582.56,-144.96000000000004,656.7,656.7,0.0,128.0,128.0,0.0,23.1,23.1,0.0,0.01116010653540574,0.12194560171489441,-0.11078549517948867
KS-MO,Broad all-owner match,113,0.20773884975724416,KS,999900501051871,MO,1300,5.0,6.0,-1.0,5.0,7.0,-2.0,7.0,7.0,0.0,7.0,6.0,1.0,48.0,50.0,-2.0,3463.0,19270.0,-15807.0,14.0,3.0,11.0,484.82,578.1,-93.28000000000003,51.4,61.3,-9.899999999999999,23.5,23.8,-0.3000000000000007,12.8,12.4,0.40000000000000036,0.6909481283007154,0.26125104223953627,0.4296970860611791
KS-MO,Broad all-owner match,114,0.42875075510069005,KS,999963501051661,MO,1493,5.0,5.0,0.0,6.0,6.0,0.0,6.0,6.0,0.0,5.0,5.0,0.0,49.0,49.0,0.0,22024.0,56619.0,-34595.0,13.0,18.0,-5.0,2863.12,10191.42,-7328.3,491.9,491.9,0.0,129.5,129.5,0.0,24.4,24.4,0.0,0.034926817173607405,0.13261647001365567,-0.09768965284004827
KS-MO,Broad all-owner match,115,0.47116399817497573,KS,999903501050051,MO,6441,7.0,6.0,1.0,7.0,6.0,1.0,7.0,7.0,0.0,8.0,6.0,2.0,66.0,68.0,-2.0,52500.0,58966.0,-6466.0,10.0,6.0,4.0,5250.0,3537.96,1712.04,47.6,55.5,-7.899999999999999,18.6,15.8,2.8000000000000007,16.9,14.4,2.4999999999999982,1.7849459182219702,1.8200203167662197,-0.03507439854424943
KS-MO,Broad all-owner match,116,0.5090171528697662,KS,999903501050161,MO,2104,7.0,6.0,1.0,8.0,8.0,0.0,7.0,8.0,-1.0,7.0,6.0,1.0,55.0,53.0,2.0,43150.0,32104.0,11046.0,13.0,13.0,0.0,5609.5,4173.52,1435.9799999999996,116.6,92.4,24.19999999999999,32.1,25.9,6.200000000000003,21.7,20.4,1.3000000000000007,0.5416326466319229,0.9105272963098542,-0.3688946496779313
KS-MO,Broad all-owner match,117,0.5234904098299451,KS,999900501051861,MO,1298,5.0,5.0,0.0,5.0,5.0,0.0,7.0,6.0,1.0,7.0,7.0,0.0,48.0,50.0,-2.0,3463.0,21563.0,-18100.0,14.0,5.0,9.0,484.82,1078.15,-593.3300000000002,51.4,66.8,-15.399999999999999,23.5,26.8,-3.3000000000000007,12.8,10.6,2.200000000000001,0.7102727197820562,0.38469764639000953,0.32557507339204667
KS-MO,Broad all-owner match,118,0.5793720399667422,KS,999903501050031,MO,6457,7.0,6.0,1.0,7.0,6.0,1.0,8.0,7.0,1.0,7.0,7.0,0.0,66.0,68.0,-2.0,52500.0,58966.0,-6466.0,10.0,6.0,4.0,5250.0,3537.96,1712.04,71.7,74.7,-3.0,19.8,20.7,-0.8999999999999986,17.6,14.4,3.200000000000001,2.1983353836460036,1.6459899422828377,0.5523454413631659
KS-MO,Broad all-owner match,119,0.618299801187881,KS,999906901051631,MO,6440,7.0,6.0,1.0,7.0,6.0,1.0,8.0,7.0,1.0,7.0,6.0,1.0,66.0,68.0,-2.0,12588.0,43317.0,-30729.0,5.0,6.0,-1.0,629.4,2599.02,-1969.62,51.8,55.5,-3.700000000000003,19.5,15.8,3.6999999999999993,14.2,12.4,1.799999999999999,2.0954940812158633,1.8300329859940518,0.2654610952218115
KS-MO,Broad all-owner match,120,0.7288062392421074,KS,999963501050381,MO,1377,7.0,6.0,1.0,7.0,6.0,1.0,7.0,7.0,0.0,7.0,7.0,0.0,54.0,57.0,-3.0,34237.0,42076.0,-7839.0,8.0,15.0,-7.0,2738.96,6311.4,-3572.4399999999996,53.6,55.8,-2.1999999999999957,23.8,21.3,2.5,18.4,16.1,2.299999999999997,3.9002187439350275,5.357239808694625,-1.4570210647595974
KS-MO,Broad all-owner match,121,0.7343719594155652,KS,999903501050171,MO,1716,7.0,5.0,2.0,7.0,5.0,2.0,8.0,6.0,2.0,7.0,6.0,1.0,55.0,56.0,-1.0,43150.0,11826.0,31324.0,13.0,15.0,-2.0,5609.5,1773.9,3835.6,115.6,95.7,19.89999999999999,31.9,36.9,-5.0,18.0,14.8,3.1999999999999993,0.5267290252268737,0.5826111971493386,-0.05588217192246492
KS-MO,Broad all-owner match,122,0.7547142232479166,KS,999906901052821,MO,3378,7.0,6.0,1.0,7.0,7.0,0.0,7.0,7.0,0.0,7.0,6.0,1.0,35.0,40.0,-5.0,12588.0,3736.0,8852.0,5.0,18.0,-13.0,629.4,672.48,-43.08000000000004,51.8,104.9,-53.10000000000001,19.5,24.8,-5.300000000000001,10.5,7.5,3.0,2.095605185654083,1.5459522064020275,0.5496529792520557
KS-MO,Broad all-owner match,123,0.7620822103527587,KS,999963501050391,MO,1378,6.0,5.0,1.0,7.0,5.0,2.0,7.0,7.0,0.0,6.0,6.0,0.0,54.0,57.0,-3.0,34237.0,39577.0,-5340.0,8.0,19.0,-11.0,2738.96,7519.63,-4780.67,53.6,55.8,-2.1999999999999957,23.8,21.3,2.5,18.4,16.1,2.299999999999997,3.885425481174147,5.376547958134559,-1.491122476960412
KS-MO,Broad all-owner match,124,0.7795323701508009,KS,999907001050291,MO,6456,6.0,4.0,2.0,7.0,6.0,1.0,6.0,6.0,0.0,7.0,4.0,3.0,66.0,68.0,-2.0,12850.0,57469.0,-44619.0,41.0,6.0,35.0,5268.5,3448.14,1820.3600000000001,135.7,89.9,45.79999999999998,22.9,22.9,0.0,9.9,12.9,-3.0,0.4558133514499701,1.809603614486258,-1.353790263036288
KS-MO,Broad all-owner match,125,0.8065721901978491,KS,999903501050141,MO,1715,7.0,5.0,2.0,7.0,5.0,2.0,8.0,6.0,2.0,7.0,5.0,2.0,61.0,56.0,5.0,43150.0,11326.0,31824.0,13.0,12.0,1.0,5609.5,1359.12,4250.38,70.1,95.7,-25.60000000000001,29.0,36.9,-7.899999999999999,16.8,14.8,2.0,0.6336877027699668,0.5628606811894941,0.07082702158047272
KS-MO,Broad all-owner match,126,0.8302114769083567,KS,999963500460731,MO,6631,7.0,5.0,2.0,7.0,5.0,2.0,7.0,7.0,0.0,7.0,7.0,0.0,70.0,65.0,5.0,34934.0,47299.0,-12365.0,9.0,18.0,-9.0,3144.06,8513.82,-5369.76,57.8,70.1,-12.299999999999997,22.6,29.9,-7.299999999999997,19.1,19.4,-0.29999999999999716,3.5574741592814836,5.127096921842315,-1.5696227625608317
KS-MO,Broad all-owner match,127,0.839480085934915,KS,999905600463311,MO,31343,7.0,6.0,1.0,7.0,6.0,1.0,8.0,8.0,0.0,8.0,8.0,0.0,24.0,19.0,5.0,12588.0,29921.0,-17333.0,4.0,13.0,-9.0,503.52,3889.73,-3386.21,59.3,73.6,-14.299999999999997,20.0,19.7,0.3000000000000007,12.9,13.0,-0.09999999999999964,1.6370137490458971,0.45062441769732753,1.1863893313485696
KS-MO,Broad all-owner match,128,0.8529678960857255,KS,999903501053151,MO,31342,6.0,6.0,0.0,6.0,6.0,0.0,8.0,8.0,0.0,8.0,8.0,0.0,18.0,19.0,-1.0,43150.0,26309.0,16841.0,13.0,18.0,-5.0,5609.5,4735.62,873.8800000000001,56.6,73.6,-16.999999999999993,16.0,19.7,-3.6999999999999993,17.9,13.0,4.899999999999999,0.038416813862684814,0.4695554474432423,-0.4311386335805575
KS-MO,Broad all-owner match,129,0.9084514803691014,KS,999903501050151,MO,2100,7.0,6.0,1.0,7.0,6.0,1.0,8.0,7.0,1.0,7.0,7.0,0.0,61.0,56.0,5.0,43150.0,32104.0,11046.0,13.0,13.0,0.0,5609.5,4173.52,1435.9799999999996,70.7,66.1,4.6000000000000085,29.0,19.8,9.2,19.9,24.0,-4.100000000000001,0.6197323604641328,0.7481822484760878,-0.128449888011955
KS-MO,Broad all-owner match,130,0.9246933711568189,KS,999963500460721,MO,1446,7.0,5.0,2.0,7.0,7.0,0.0,7.0,5.0,2.0,7.0,5.0,2.0,54.0,57.0,-3.0,34934.0,47413.0,-12479.0,9.0,12.0,-3.0,3144.06,5689.56,-2545.5000000000005,52.8,54.6,-1.8000000000000043,20.7,16.5,4.199999999999999,19.1,18.3,0.8000000000000007,3.6167561539208672,5.967486557758155,-2.350730403837288
KS-MO,Broad all-owner match,131,0.926375873003561,KS,999906901051383,MO,6458,7.0,6.0,1.0,7.0,6.0,1.0,7.0,7.0,0.0,7.0,6.0,1.0,66.0,68.0,-2.0,14785.0,50873.0,-36088.0,5.0,6.0,-1.0,739.25,3052.38,-2313.13,62.5,86.0,-23.5,23.8,24.4,-0.5999999999999979,17.8,13.2,4.600000000000001,2.227529868105729,1.675967100423847,0.5515627676818822
KS-MO,Broad all-owner match,132,0.9423457739630401,KS,999905600463281,MO,11990,7.0,7.0,0.0,7.0,7.0,0.0,8.0,8.0,0.0,8.0,7.0,1.0,25.0,26.0,-1.0,12588.0,36312.0,-23724.0,4.0,6.0,-2.0,503.52,2178.72,-1675.1999999999998,75.8,50.3,25.5,22.3,22.9,-0.5999999999999979,15.9,20.7,-4.799999999999999,1.695198301480794,1.8785545404154136,-0.1833562389346195
KS-MO,Broad all-owner match,133,0.9480718568420136,KS,999907001050241,MO,6680,7.0,5.0,2.0,7.0,7.0,0.0,7.0,7.0,0.0,7.0,5.0,2.0,68.0,72.0,-4.0,15750.0,54153.0,-38403.0,33.0,7.0,26.0,5197.5,3790.71,1406.79,83.5,75.0,8.5,31.8,21.3,10.5,18.1,22.0,-3.8999999999999986,0.9921642926674943,1.448949647348068,-0.4567853546805738
KS-MO,Broad all-owner match,134,0.9742427942109938,KS,999905600463301,MO,11989,7.0,8.0,-1.0,7.0,8.0,-1.0,7.0,8.0,-1.0,8.0,8.0,0.0,25.0,26.0,-1.0,12588.0,42314.0,-29726.0,4.0,6.0,-2.0,503.52,2538.84,-2035.3200000000002,59.3,50.3,9.0,20.0,22.9,-2.8999999999999986,15.9,20.7,-4.799999999999999,1.6219564324963582,1.8966134112440345,-0.27465697874767625
KS-MO,Broad all-owner match,135,1.0090935896208766,KS,999903201052941,MO,11808,7.0,7.0,0.0,7.0,7.0,0.0,8.0,9.0,-1.0,8.0,8.0,0.0,23.0,26.0,-3.0,7849.0,8345.0,-496.0,10.0,5.0,5.0,784.9,417.25,367.65,46.5,60.7,-14.200000000000003,20.1,22.9,-2.799999999999997,19.8,13.9,5.9,5.216128862761178,5.4050356301697615,-0.18890676740858314
KS-MO,Broad all-owner match,136,1.025004144810742,KS,999963501050491,MO,2105,7.0,7.0,0.0,7.0,8.0,-1.0,7.0,7.0,0.0,7.0,7.0,0.0,57.0,53.0,4.0,29740.0,24505.0,5235.0,10.0,18.0,-8.0,2974.0,4410.9,-1436.8999999999996,70.7,40.2,30.5,28.0,18.0,10.0,20.9,20.4,0.5,3.0394518681363,0.9568716165692472,2.0825802515670526
KS-MO,Broad all-owner match,137,1.0923143483676203,KS,999907001053013,MO,11998,8.0,7.0,1.0,8.0,7.0,1.0,8.0,7.0,1.0,8.0,7.0,1.0,21.0,26.0,-5.0,44100.0,42314.0,1786.0,9.0,6.0,3.0,3969.0,2538.84,1430.1599999999999,97.9,58.8,39.10000000000001,40.0,27.1,12.899999999999999,17.9,20.5,-2.6000000000000014,3.7084274332979965,2.3973349990406767,1.3110924342573198
KS-MO,Broad all-owner match,138,1.1009832113464677,KS,999963501051831,MO,2108,7.0,6.0,1.0,8.0,7.0,1.0,8.0,8.0,0.0,7.0,6.0,1.0,51.0,53.0,-2.0,22024.0,7653.0,14371.0,13.0,12.0,1.0,2863.12,918.36,1944.7599999999998,116.4,74.4,42.0,49.7,34.1,15.600000000000001,13.0,12.4,0.5999999999999996,0.6268191650896869,0.4544785051637838,0.17234065992590314
KS-MO,Broad all-owner match,139,1.123345957193465,KS,999907001052983,MO,11999,7.0,7.0,0.0,7.0,7.0,0.0,8.0,8.0,0.0,7.0,7.0,0.0,21.0,26.0,-5.0,44100.0,36312.0,7788.0,9.0,6.0,3.0,3969.0,2178.72,1790.2800000000002,103.3,58.8,44.5,40.0,27.1,12.899999999999999,17.9,20.5,-2.6000000000000014,3.7731588741339626,2.3835773035925585,1.389581570541404
KS-MO,Broad all-owner match,140,1.1245072943492804,KS,999907001053033,MO,30967,6.0,7.0,-1.0,7.0,7.0,0.0,7.0,8.0,-1.0,6.0,7.0,-1.0,21.0,20.0,1.0,44100.0,23285.0,20815.0,9.0,5.0,4.0,3969.0,1164.25,2804.75,110.3,233.3,-123.00000000000001,42.0,39.5,2.5,17.9,21.0,-3.1000000000000014,3.729410598122641,4.275151260822182,-0.5457406626995409
KS-MO,Broad all-owner match,141,1.1319490198273974,KS,999963501050481,MO,2101,7.0,5.0,2.0,7.0,5.0,2.0,7.0,7.0,0.0,7.0,7.0,0.0,57.0,53.0,4.0,29740.0,27890.0,1850.0,10.0,18.0,-8.0,2974.0,5020.2,-2046.1999999999998,70.7,64.0,6.700000000000003,28.0,19.2,8.8,20.9,24.0,-3.1000000000000014,3.0461063949596543,0.7758982896860657,2.2702081052735887
KS-MO,Broad all-owner match,142,1.168940955746959,KS,999906901052831,MO,3334,7.0,5.0,2.0,7.0,7.0,0.0,7.0,8.0,-1.0,7.0,5.0,2.0,39.0,38.0,1.0,12588.0,9691.0,2897.0,5.0,4.0,1.0,629.4,387.64,241.76,75.6,130.5,-54.900000000000006,24.1,36.9,-12.799999999999997,14.5,10.1,4.4,2.0655195769346224,1.5683164855254719,0.49720309140915053
KS-MO,Broad all-owner match,143,1.171449731319462,KS,999906901052781,MO,3377,6.0,5.0,1.0,7.0,7.0,0.0,6.0,7.0,-1.0,7.0,5.0,2.0,39.0,40.0,-1.0,12588.0,4058.0,8530.0,5.0,18.0,-13.0,629.4,730.44,-101.04000000000008,75.6,78.3,-2.700000000000003,24.1,28.0,-3.8999999999999986,14.5,7.5,7.0,2.0801918095634986,1.6656904997094517,0.4145013098540469
KS-MO,Broad all-owner match,144,1.2041649297903727,KS,999903501050041,MO,6400,7.0,6.0,1.0,7.0,6.0,1.0,7.0,7.0,0.0,8.0,6.0,2.0,66.0,71.0,-5.0,52500.0,35203.0,17297.0,10.0,18.0,-8.0,5250.0,6336.54,-1086.54,71.7,45.4,26.300000000000004,19.8,20.4,-0.5999999999999979,19.9,13.0,6.899999999999999,2.1983353836460036,3.165350368852504,-0.9670149852065006
KS-MO,Broad all-owner match,145,1.2468886716870107,KS,999903501050061,MO,6401,7.0,5.0,2.0,7.0,6.0,1.0,8.0,5.0,3.0,8.0,5.0,3.0,66.0,71.0,-5.0,52500.0,36382.0,16118.0,10.0,18.0,-8.0,5250.0,6548.76,-1298.7600000000002,47.3,45.4,1.8999999999999986,18.5,20.3,-1.8000000000000007,19.9,13.0,6.899999999999999,1.7848162792629543,3.169875059830619,-1.3850587805676646
KS-MO,Broad all-owner match,146,1.2598831701086315,KS,999907001050961,MO,266,7.0,5.0,2.0,7.0,5.0,2.0,7.0,5.0,2.0,7.0,6.0,1.0,69.0,66.0,3.0,44100.0,50292.0,-6192.0,9.0,18.0,-9.0,3969.0,9052.56,-5083.5599999999995,252.2,92.4,159.79999999999998,35.1,38.0,-2.8999999999999986,16.5,14.1,2.4000000000000004,3.38719875266357,3.398868780305704,-0.011670027642133984
KS-MO,Broad all-owner match,147,1.299511071649838,KS,999907001053003,MO,11809,7.0,7.0,0.0,7.0,7.0,0.0,8.0,7.0,1.0,7.0,8.0,-1.0,21.0,26.0,-5.0,44100.0,8345.0,35755.0,9.0,5.0,4.0,3969.0,417.25,3551.75,102.9,105.2,-2.299999999999997,42.0,34.1,7.899999999999999,17.9,13.9,3.9999999999999982,3.80739720980545,5.5894841212285735,-1.7820869114231237
KS-MO,Broad all-owner match,148,1.3136902876388015,KS,999905600463291,MO,4040,7.0,6.0,1.0,7.0,6.0,1.0,8.0,8.0,0.0,8.0,6.0,2.0,25.0,28.0,-3.0,12588.0,12010.0,578.0,4.0,10.0,-6.0,503.52,1201.0,-697.48,75.8,169.8,-94.00000000000001,22.3,38.7,-16.400000000000002,12.9,11.7,1.200000000000001,1.7100032665641778,2.488275471962018,-0.7782722053978404
KS-MO,Broad all-owner match,149,1.3569918873517761,KS,999916901051811,MO,3801,7.0,6.0,1.0,7.0,6.0,1.0,7.0,7.0,0.0,7.0,7.0,0.0,54.0,50.0,4.0,15535.0,19270.0,-3735.0,10.0,3.0,7.0,1553.5,578.1,975.4,372.9,321.6,51.299999999999955,37.9,45.6,-7.700000000000003,17.2,10.1,7.1,0.48227315787691466,0.139057960305304,0.3432151975716107
KS-MO,Broad all-owner match,150,1.3873433507700246,KS,999907001051771,MO,267,6.0,4.0,2.0,7.0,5.0,2.0,6.0,4.0,2.0,7.0,5.0,2.0,63.0,66.0,-3.0,12850.0,57907.0,-45057.0,41.0,18.0,23.0,5268.5,10423.26,-5154.76,188.6,95.1,93.5,41.1,39.0,2.1000000000000014,10.9,14.1,-3.1999999999999993,0.46362913841698955,3.409273827586483,-2.9456446891694936
KS-MO,Broad all-owner match,151,1.43582385073883,KS,999903501050101,MO,1299,6.0,6.0,0.0,7.0,6.0,1.0,6.0,6.0,0.0,6.0,6.0,0.0,61.0,60.0,1.0,42500.0,17259.0,25241.0,11.0,3.0,8.0,4675.0,517.77,4157.23,196.6,66.8,129.8,23.3,26.8,-3.5,16.9,12.4,4.499999999999998,1.1033846701891625,0.3841409269365686,0.719243743252594
KS-MO,Broad all-owner match,152,1.453777460569415,KS,999906901051403,MO,1094,7.0,7.0,0.0,7.0,7.0,0.0,7.0,7.0,0.0,7.0,7.0,0.0,66.0,61.0,5.0,14785.0,45096.0,-30311.0,5.0,12.0,-7.0,739.25,5411.52,-4672.27,43.9,73.5,-29.6,19.5,20.7,-1.1999999999999993,23.5,22.9,0.6000000000000014,2.2323385280853247,5.711327560076477,-3.478989031991152
KS-MO,Broad all-owner match,153,1.501333265936637,KS,999903201052771,MO,2687,6.0,6.0,0.0,6.0,7.0,-1.0,6.0,6.0,0.0,7.0,6.0,1.0,37.0,38.0,-1.0,9780.0,21727.0,-11947.0,13.0,18.0,-5.0,1271.4,3910.86,-2639.46,853.4,973.8,-120.39999999999998,91.4,79.2,12.200000000000003,18.5,18.0,0.5,2.735876976165254,0.2909362860582383,2.444940690107016
KS-MO,Broad all-owner match,154,1.5129651709706748,KS,999903201052951,MO,11853,7.0,6.0,1.0,7.0,7.0,0.0,8.0,9.0,-1.0,8.0,6.0,2.0,23.0,26.0,-3.0,7849.0,27865.0,-20016.0,10.0,5.0,5.0,784.9,1393.25,-608.35,46.5,58.5,-12.0,20.1,30.3,-10.2,19.8,12.8,7.0,5.216128862761178,7.251394752506634,-2.035265889745456
KS-MO,Broad all-owner match,155,1.5391623325301156,KS,999906901051301,MO,6411,4.0,6.0,-2.0,7.0,6.0,1.0,4.0,6.0,-2.0,7.0,6.0,1.0,66.0,70.0,-4.0,12588.0,49521.0,-36933.0,5.0,12.0,-7.0,629.4,5942.52,-5313.120000000001,144.2,100.6,43.599999999999994,36.3,25.9,10.399999999999999,19.9,13.0,6.899999999999999,2.125674971408696,2.002359243273975,0.12331572813472125
KS-MO,Broad all-owner match,156,1.5436244393619172,KS,999907001051671,MO,6630,7.0,5.0,2.0,8.0,5.0,3.0,7.0,7.0,0.0,7.0,6.0,1.0,69.0,65.0,4.0,44100.0,50468.0,-6368.0,9.0,18.0,-9.0,3969.0,9084.24,-5115.24,252.3,70.1,182.20000000000002,36.9,29.9,7.0,19.1,19.4,-0.29999999999999716,3.4015668544196815,5.114661525168627,-1.7130946707489452
KS-MO,Broad all-owner match,157,1.5485101410406725,KS,999903501050091,MO,1301,5.0,6.0,-1.0,7.0,6.0,1.0,7.0,6.0,1.0,5.0,6.0,-1.0,61.0,60.0,1.0,42500.0,21563.0,20937.0,11.0,5.0,6.0,4675.0,1078.15,3596.85,201.5,61.3,140.2,25.1,23.8,1.3000000000000007,16.9,10.6,6.299999999999999,1.1181822388064677,0.263830685415958,0.8543515533905097
KS-MO,Broad all-owner match,158,1.6631001690935083,KS,999903201052921,MO,29156,7.0,6.0,1.0,7.0,6.0,1.0,8.0,8.0,0.0,8.0,7.0,1.0,23.0,24.0,-1.0,7849.0,28665.0,-20816.0,10.0,5.0,5.0,784.9,1433.25,-648.35,418.4,195.7,222.7,70.1,76.2,-6.1000000000000085,12.2,12.4,-0.20000000000000107,5.213321064450908,5.675826743899827,-0.4625056794489186
KS-MO,Broad all-owner match,159,1.682667292896214,KS,999903201052931,MO,4041,7.0,7.0,0.0,7.0,7.0,0.0,7.0,7.0,0.0,8.0,7.0,1.0,23.0,28.0,-5.0,7849.0,46242.0,-38393.0,10.0,6.0,4.0,784.9,2774.52,-1989.62,418.4,346.9,71.5,70.1,55.8,14.299999999999997,14.1,19.0,-4.9,5.213321064450908,2.552048831106288,2.6612722333446204
KS-MO,Broad all-owner match,160,1.7210310856964686,KS,999903501050081,MO,1093,7.0,7.0,0.0,7.0,7.0,0.0,7.0,7.0,0.0,7.0,7.0,0.0,64.0,61.0,3.0,52500.0,48991.0,3509.0,10.0,12.0,-2.0,5250.0,5878.92,-628.9200000000001,120.5,73.5,47.0,21.9,20.7,1.1999999999999993,19.9,22.9,-3.0,1.2219527367721537,5.69683338204807,-4.474880645275917
KS-MO,Broad all-owner match,161,1.7714980936152604,KS,999903501050071,MO,748,7.0,6.0,1.0,7.0,7.0,0.0,7.0,6.0,1.0,7.0,6.0,1.0,64.0,61.0,3.0,52500.0,47762.0,4738.0,10.0,12.0,-2.0,5250.0,5731.44,-481.4399999999996,126.5,51.5,75.0,21.9,19.8,2.099999999999998,19.9,19.1,0.7999999999999972,1.2218948647521755,5.8737643754875375,-4.651869510735362
KS-MO,Broad all-owner match,162,1.7903073057734844,KS,999903500462771,MO,2954,7.0,6.0,1.0,7.0,6.0,1.0,7.0,7.0,0.0,7.0,7.0,0.0,34.0,34.0,0.0,75500.0,19563.0,55937.0,10.0,9.0,1.0,7550.0,1760.67,5789.33,49.5,88.4,-38.900000000000006,21.6,37.9,-16.299999999999997,21.5,15.1,6.4,4.477774532259883,6.915650792128582,-2.4378762598686983
KS-MO,Broad all-owner match,163,1.8348362656855342,KS,999906901050661,MO,36462,6.0,6.0,0.0,7.0,6.0,1.0,7.0,6.0,1.0,6.0,6.0,0.0,89.0,91.0,-2.0,6174.0,16552.0,-10378.0,8.0,8.0,0.0,493.92,1324.16,-830.24,181.5,104.5,77.0,21.8,14.0,7.800000000000001,16.4,16.8,-0.40000000000000213,1.0670526170315493,5.6371833326300385,-4.57013071559849
KS-MO,Broad all-owner match,164,1.8583854674135818,KS,999903501053161,MO,32757,7.0,7.0,0.0,7.0,7.0,0.0,8.0,9.0,-1.0,8.0,8.0,0.0,18.0,16.0,2.0,43150.0,8554.0,34596.0,13.0,18.0,-5.0,5609.5,1539.72,4069.7799999999997,56.6,88.4,-31.800000000000004,16.0,27.5,-11.5,17.9,8.7,9.2,0.038416813862684814,1.9352812156772217,-1.8968644018145369
KS-MO,Broad all-owner match,165,1.8692330639178,KS,999907001052841,MO,4039,7.0,6.0,1.0,7.0,6.0,1.0,8.0,8.0,0.0,8.0,8.0,0.0,32.0,28.0,4.0,12850.0,4017.0,8833.0,41.0,5.0,36.0,5268.5,200.85,5067.65,65.1,170.7,-105.6,26.1,42.7,-16.6,14.2,11.7,2.5,0.737784232089201,2.5905396515808876,-1.8527554194916867
KS-MO,Broad all-owner match,166,2.029420591130304,KS,999907001051643,MO,6434,7.0,5.0,2.0,7.0,5.0,2.0,7.0,5.0,2.0,7.0,6.0,1.0,69.0,68.0,1.0,2668.0,4946.0,-2278.0,0.0,5.0,-5.0,0.0,247.3,-247.3,82.9,183.2,-100.29999999999998,22.9,28.4,-5.5,11.2,10.1,1.0999999999999996,2.2047724564208053,2.043097820327757,0.1616746360930481
KS-MO,Broad all-owner match,167,2.135122793624723,KS,999906901051323,MO,6432,7.0,6.0,1.0,7.0,7.0,0.0,7.0,7.0,0.0,7.0,6.0,1.0,66.0,68.0,-2.0,14785.0,113704.0,-98919.0,5.0,6.0,-1.0,739.25,6822.24,-6082.99,38.4,59.7,-21.300000000000004,16.5,21.9,-5.399999999999999,30.8,42.9,-12.099999999999998,2.303212667512118,1.9804571976397929,0.32275546987232495
KS-MO,Broad all-owner match,168,2.157266597349083,KS,999907001052393,MO,2843,7.0,6.0,1.0,7.0,7.0,0.0,8.0,7.0,1.0,7.0,6.0,1.0,45.0,44.0,1.0,44150.0,36705.0,7445.0,10.0,19.0,-9.0,4415.0,6973.95,-2558.95,69.1,109.4,-40.30000000000001,31.4,39.9,-8.5,24.4,15.6,8.799999999999999,2.235518400832368,6.385964292609367,-4.150445891776999
KS-MO,Broad all-owner match,169,2.215324396036103,KS,999907001052383,MO,2845,7.0,6.0,1.0,7.0,7.0,0.0,7.0,6.0,1.0,7.0,6.0,1.0,45.0,44.0,1.0,44150.0,21681.0,22469.0,10.0,19.0,-9.0,4415.0,4119.39,295.6099999999997,69.1,58.5,10.599999999999994,31.4,22.3,9.099999999999998,24.9,15.6,9.299999999999999,2.235684961606502,6.456021209916604,-4.220336248310102
KS-MO,Broad all-owner match,170,2.242898549195507,KS,999903500462781,MO,2955,7.0,6.0,1.0,7.0,6.0,1.0,8.0,7.0,1.0,8.0,7.0,1.0,34.0,34.0,0.0,77000.0,13048.0,63952.0,10.0,4.0,6.0,7700.0,521.92,7178.08,49.5,88.4,-38.900000000000006,21.6,37.9,-16.299999999999997,24.5,15.1,9.4,4.46296993349772,6.903588630880694,-2.440618697382974
KS-MO,Broad all-owner match,171,2.672871531635701,KS,999900501051931,MO,2102,4.0,6.0,-2.0,4.0,7.0,-3.0,4.0,7.0,-3.0,5.0,6.0,-1.0,49.0,53.0,-4.0,2583.0,1613.0,970.0,15.0,11.0,4.0,387.45,177.43,210.01999999999998,196.9,198.4,-1.5,44.5,34.3,10.200000000000003,24.1,8.2,15.900000000000002,0.6997233731144101,0.9446011892488851,-0.244877816134475
KS-MO,Broad all-owner match,172,2.8764939979515693,KS,999967001052421,MO,3386,7.0,6.0,1.0,7.0,6.0,1.0,7.0,7.0,0.0,7.0,7.0,0.0,35.0,38.0,-3.0,34400.0,9469.0,24931.0,10.0,4.0,6.0,3440.0,378.76,3061.24,443.4,118.6,324.79999999999995,50.9,38.1,12.799999999999997,17.9,10.1,7.799999999999999,0.9627558740363624,1.5773813526580205,-0.6146254786216581
KS-MO,Broad all-owner match,173,2.9133587306592723,KS,999906901051343,MO,6310,6.0,6.0,0.0,6.0,7.0,-1.0,7.0,7.0,0.0,7.0,6.0,1.0,66.0,67.0,-1.0,14785.0,34466.0,-19681.0,5.0,16.0,-11.0,739.25,5514.56,-4775.31,50.6,63.1,-12.5,23.8,23.2,0.6000000000000014,30.2,15.9,14.299999999999999,2.3020851878223434,6.830138068151677,-4.528052880329334
KS-MO,Broad all-owner match,174,3.17654611845222,KS,999907001053401,MO,36834,8.0,9.0,-1.0,8.0,9.0,-1.0,8.0,9.0,-1.0,8.0,9.0,-1.0,4.0,3.0,1.0,20421.0,18260.0,2161.0,43.0,3.0,40.0,8781.03,547.8,8233.230000000001,927.7,566.8,360.9000000000001,114.3,138.7,-24.39999999999999,14.1,11.8,2.299999999999999,0.3486497001100083,0.9567804110012335,-0.6081307108912252
KS-MO,Broad all-owner match,175,3.7223484554570536,KS,999967001052411,MO,2688,7.0,6.0,1.0,7.0,7.0,0.0,7.0,6.0,1.0,8.0,6.0,2.0,35.0,38.0,-3.0,34400.0,29025.0,5375.0,10.0,18.0,-8.0,3440.0,5224.5,-1784.5,456.7,973.8,-517.0999999999999,80.8,79.2,1.5999999999999943,17.9,18.0,-0.10000000000000142,1.0365340588606082,0.29194981181575946,0.7445842470448487
KS-MO,Broad all-owner match,176,3.8323058715226113,KS,999916901052871,MO,4042,7.0,7.0,0.0,7.0,7.0,0.0,7.0,7.0,0.0,7.0,7.0,0.0,32.0,28.0,4.0,12466.0,45258.0,-32792.0,6.0,6.0,0.0,747.96,2715.48,-1967.52,615.1,346.6,268.5,101.8,55.8,46.0,10.0,19.0,-9.0,0.9260124496088037,2.531547392896771,-1.6055349432879673
KS-MO,Broad all-owner match,177,3.856857866036322,KS,999916901053191,MO,32756,7.0,7.0,0.0,8.0,7.0,1.0,8.0,8.0,0.0,7.0,9.0,-2.0,16.0,16.0,0.0,12466.0,10113.0,2353.0,6.0,18.0,-12.0,747.96,1820.34,-1072.3799999999999,446.4,75.6,370.79999999999995,54.9,45.2,9.699999999999996,25.3,8.7,16.6,0.9905109126656613,1.9522597009045721,-0.9617487882389109
KS-MO,Broad all-owner match,178,3.981487711676408,KS,999963501050401,MO,922,6.0,4.0,2.0,7.0,6.0,1.0,6.0,4.0,2.0,7.0,5.0,2.0,55.0,58.0,-3.0,35515.0,3578.0,31937.0,7.0,18.0,-11.0,2486.05,644.04,1842.0100000000002,1052.7,570.0,482.70000000000005,40.5,49.5,-9.0,16.3,7.6,8.700000000000001,3.904484878244754,0.6689262909783403,3.2355585872664134
KS-MO,Broad all-owner match,179,4.253825861218807,KS,999963501050431,MO,2841,7.0,5.0,2.0,7.0,7.0,0.0,7.0,7.0,0.0,7.0,5.0,2.0,51.0,46.0,5.0,38530.0,14204.0,24326.0,8.0,15.0,-7.0,3082.4,2130.6,951.8000000000002,52.2,81.7,-29.5,19.5,34.6,-15.100000000000001,44.7,20.5,24.200000000000003,3.9062666080308044,7.564632186993649,-3.658365578962844
KS-MO,Broad all-owner match,180,4.593443656879328,KS,999963501050441,MO,552,6.0,5.0,1.0,7.0,7.0,0.0,7.0,7.0,0.0,6.0,5.0,1.0,49.0,53.0,-4.0,38530.0,81653.0,-43123.0,8.0,15.0,-7.0,3082.4,12247.95,-9165.550000000001,670.3,1103.1,-432.79999999999995,80.8,129.5,-48.7,18.8,27.1,-8.3,3.859467713800426,4.789896839716678,-0.9304291259162523
KS-MO,Broad all-owner match,181,5.031452122990334,KS,999963501050451,MO,2854,7.0,6.0,1.0,7.0,6.0,1.0,7.0,7.0,0.0,7.0,6.0,1.0,49.0,44.0,5.0,38530.0,4450.0,34080.0,8.0,2.0,6.0,3082.4,89.0,2993.4,671.5,159.4,512.1,80.8,35.7,45.099999999999994,16.4,8.9,7.499999999999998,3.844798161239971,6.513778593039244,-2.6689804317992727
KS-MO,Broad all-owner match,182,5.434461482984341,KS,999963501050411,MO,923,5.0,4.0,1.0,7.0,6.0,1.0,5.0,4.0,1.0,6.0,5.0,1.0,55.0,58.0,-3.0,35515.0,5041.0,30474.0,7.0,18.0,-11.0,2486.05,907.38,1578.67,1052.7,345.0,707.7,39.8,49.5,-9.700000000000003,16.3,7.6,8.700000000000001,3.8896925635025474,0.7046753307816306,3.185017232720917
KS-MO,Broad all-owner match,183,5.812372362678664,KS,999967001052431,MO,3335,6.0,5.0,1.0,7.0,6.0,1.0,7.0,7.0,0.0,6.0,5.0,1.0,35.0,38.0,-3.0,34400.0,19160.0,15240.0,10.0,4.0,6.0,3440.0,766.4,2673.6,1614.2,1011.3,602.9000000000001,76.2,134.1,-57.89999999999999,17.9,25.5,-7.600000000000001,0.30038262428603557,1.3951771806561462,-1.0947945563701107
KS-MO,Broad all-owner match,184,5.953229274082916,KS,999906901051421,MO,6311,6.0,6.0,0.0,7.0,7.0,0.0,6.0,7.0,-1.0,6.0,6.0,0.0,66.0,67.0,-1.0,17533.0,33345.0,-15812.0,4.0,18.0,-14.0,701.32,6002.1,-5300.780000000001,806.0,63.1,742.9,46.5,23.2,23.3,23.9,15.9,7.999999999999998,2.2329519248403487,6.839799854662602,-4.606847929822253
KS-MO,Broad all-owner match,185,11.537248998365262,KS,999967001052441,MO,2690,7.0,4.0,3.0,7.0,7.0,0.0,7.0,4.0,3.0,7.0,6.0,1.0,35.0,38.0,-3.0,34400.0,3793.0,30607.0,10.0,19.0,-9.0,3440.0,720.67,2719.33,1618.3,88.8,1529.5,76.2,24.8,51.400000000000006,17.9,8.7,9.2,0.3003814758182647,0.010473822300964762,0.2899076535172999
KS-MO,Broad all-owner match,186,0.8791163895275923,KS,514301050000234,MO,3642,7.0,5.0,2.0,7.0,7.0,0.0,7.0,5.0,2.0,7.0,5.0,2.0,43.0,40.0,3.0,9495.0,10037.0,-542.0,5.0,4.0,1.0,474.75,401.48,73.26999999999998,195.7,126.8,68.89999999999999,29.8,23.2,6.600000000000001,12.0,12.6,-0.5999999999999996,0.009180397656797252,1.6092937153625413,-1.600113317705744
KS-MO,Broad all-owner match,187,1.9537960584799925,KS,514301050000245,MO,25419,7.0,5.0,2.0,7.0,7.0,0.0,7.0,5.0,2.0,7.0,5.0,2.0,33.0,38.0,-5.0,1381.0,1193.0,188.0,5.0,5.0,0.0,69.05,59.65,9.399999999999999,395.0,152.4,242.6,30.4,30.5,-0.10000000000000142,12.4,17.0,-4.6,2.9139919903478835,1.6810220192883423,1.2329699710595412
KS-MO,Broad all-owner match,188,0.7508441511526069,KS,999906900462561,MO,3333,7.0,7.0,0.0,7.0,7.0,0.0,8.0,8.0,0.0,7.0,8.0,-1.0,39.0,40.0,-1.0,19581.0,9469.0,10112.0,3.0,4.0,-1.0,587.43,378.76,208.66999999999996,52.7,44.5,8.200000000000003,21.3,19.8,1.5,18.2,15.9,2.299999999999999,3.347424939779286,1.6127781482652066,1.7346467915140795
KS-MO,Broad all-owner match,189,1.3014402633867042,KS,999906900462591,MO,3584,7.0,6.0,1.0,7.0,7.0,0.0,7.0,7.0,0.0,7.0,6.0,1.0,35.0,40.0,-5.0,19581.0,27673.0,-8092.0,3.0,9.0,-6.0,587.43,2490.57,-1903.1400000000003,161.6,45.7,115.89999999999999,33.5,25.0,8.5,16.5,12.6,3.9000000000000004,3.451001704959061,4.046950887141455,-0.5959491821823941
KS-MO,Broad all-owner match,190,2.343343771204048,KS,999903501052791,MO,3332,7.0,7.0,0.0,7.0,7.0,0.0,8.0,8.0,0.0,7.0,8.0,-1.0,36.0,40.0,-4.0,10361.0,9691.0,670.0,0.0,4.0,-4.0,0.0,387.64,-387.64,69.2,44.5,24.700000000000003,19.8,19.8,0.0,8.7,15.9,-7.200000000000001,2.198208445030289,1.6022552831361907,0.5959531618940981
KS-MO,Broad all-owner match,191,2.049120154515461,KS,51905046X.118.3,MO,32821,6.0,6.0,0.0,6.0,7.0,-1.0,6.0,7.0,-1.0,8.0,6.0,2.0,18.0,18.0,0.0,5759.0,950.0,4809.0,9.0,2.0,7.0,518.31,19.0,499.30999999999995,23.8,46.6,-22.8,21.3,18.3,3.0,20.5,13.3,7.199999999999999,1.1680827099256026,4.656254176679183,-3.48817146675358
KS-MO,Broad all-owner match,192,0.5391689420870521,KS,999906900461371,MO,1230,7.0,5.0,2.0,7.0,5.0,2.0,7.0,5.0,2.0,7.0,6.0,1.0,60.0,60.0,0.0,43000.0,38827.0,4173.0,5.0,12.0,-7.0,2150.0,4659.24,-2509.24,78.2,53.3,24.900000000000006,23.2,23.2,0.0,13.3,15.8,-2.5,5.159761236229264,5.617312790446837,-0.45755155421757276
KS-MO,Broad all-owner match,193,0.9980044829764324,KS,999906900461121,MO,1327,6.0,6.0,0.0,6.0,6.0,0.0,7.0,6.0,1.0,7.0,7.0,0.0,59.0,58.0,1.0,28783.0,40530.0,-11747.0,2.0,12.0,-10.0,575.66,4863.6,-4287.9400000000005,61.9,50.3,11.600000000000001,24.4,22.9,1.5,15.2,16.1,-0.9000000000000021,3.6386195169499684,5.487087313248699,-1.8484677962987304
KS-MO,Broad all-owner match,194,1.0919181796086153,KS,999906900460981,MO,1231,7.0,6.0,1.0,7.0,6.0,1.0,7.0,6.0,1.0,7.0,6.0,1.0,59.0,60.0,-1.0,14313.0,40530.0,-26217.0,8.0,12.0,-4.0,1145.04,4863.6,-3718.5600000000004,75.0,53.3,21.700000000000003,29.6,23.2,6.400000000000002,12.8,15.8,-3.0,3.6026979059748845,5.631575115538778,-2.028877209563894
KS-MO,Broad all-owner match,195,0.5965899198695543,KS,521950460000090,MO,34841,6.0,6.0,0.0,6.0,6.0,0.0,6.0,7.0,-1.0,7.0,8.0,-1.0,26.0,26.0,0.0,3000.0,1000.0,2000.0,2.0,10.0,-8.0,60.0,100.0,-40.0,64.9,28.2,36.7,18.2,11.0,7.199999999999999,25.3,24.1,1.1999999999999993,4.799139127284599,5.1564301432643145,-0.35729101597971535
KS-MO,Broad all-owner match,196,0.6359983418785876,KS,521950460000076,MO,34842,7.0,6.0,1.0,7.0,6.0,1.0,7.0,6.0,1.0,7.0,6.0,1.0,26.0,26.0,0.0,4000.0,500.0,3500.0,2.0,10.0,-8.0,80.0,50.0,30.0,44.8,18.8,25.999999999999996,13.6,6.1,7.5,12.8,10.7,2.1000000000000014,4.93515577980553,5.196930060253579,-0.26177428044804874
KS-MO,Broad all-owner match,197,0.7111076284675986,KS,51860046T.318.5,MO,28808,7.0,6.0,1.0,7.0,7.0,0.0,7.0,7.0,0.0,7.0,6.0,1.0,39.0,35.0,4.0,14500.0,2000.0,12500.0,3.0,10.0,-7.0,435.0,200.0,235.0,31.1,66.1,-34.99999999999999,12.1,16.8,-4.700000000000001,18.1,15.1,3.0000000000000018,4.864905571892786,5.322786937308398,-0.457881365415612
KS-MO,Broad all-owner match,198,0.7423603868271518,KS,521950460000016,MO,11879,8.0,6.0,2.0,8.0,6.0,2.0,8.0,6.0,2.0,8.0,7.0,1.0,29.0,30.0,-1.0,10200.0,1671.0,8529.0,3.0,5.0,-2.0,306.0,83.55,222.45,43.6,60.4,-16.799999999999997,17.0,18.9,-1.8999999999999986,12.5,9.0,3.5,4.196662560942146,4.487834235713297,-0.29117167477115125
KS-MO,Broad all-owner match,199,0.9768794695518199,KS,523350460000007,MO,25499,6.0,7.0,-1.0,7.0,7.0,0.0,6.0,7.0,-1.0,7.0,7.0,0.0,38.0,39.0,-1.0,6090.0,2765.0,3325.0,1.0,3.0,-2.0,60.9,82.95,-22.050000000000004,24.4,24.1,0.29999999999999716,9.1,11.6,-2.5,13.1,18.6,-5.500000000000002,1.3842657836985615,0.4060416587831181,0.9782241249154433
KS-MO,Broad all-owner match,200,1.500238616364546,KS,421950462850175,MO,25516,6.0,5.0,1.0,7.0,6.0,1.0,6.0,6.0,0.0,7.0,5.0,2.0,47.0,52.0,-5.0,14000.0,12635.0,1365.0,4.0,19.0,-15.0,560.0,2400.65,-1840.65,45.1,39.9,5.200000000000003,17.4,16.8,0.5999999999999979,20.0,13.7,6.300000000000001,2.868166727495348,0.19009860847533275,2.6780681190200153
KS-MO,Broad all-owner match,201,0.46852513075313906,KS,999906900461041,MO,6547,7.0,4.0,3.0,7.0,5.0,2.0,7.0,5.0,2.0,7.0,4.0,3.0,59.0,64.0,-5.0,18200.0,36578.0,-18378.0,8.0,6.0,2.0,1456.0,2194.68,-738.6799999999998,52.1,66.0,-13.899999999999999,14.6,17.1,-2.5000000000000018,12.8,10.6,2.200000000000001,3.681351384660666,3.6290545323798975,0.0522968522807683
KS-MO,Broad all-owner match,202,0.4782960446386147,KS,999906900461031,MO,6682,7.0,5.0,2.0,7.0,5.0,2.0,7.0,5.0,2.0,7.0,5.0,2.0,59.0,64.0,-5.0,18200.0,40003.0,-21803.0,8.0,6.0,2.0,1456.0,2400.18,-944.1799999999998,52.1,66.0,-13.899999999999999,14.6,17.1,-2.5000000000000018,12.8,10.6,2.200000000000001,3.6961906821798105,3.64182700629413,0.054363675885680696
KS-MO,Broad all-owner match,203,0.940502012679657,KS,999943500460471,MO,319,7.0,5.0,2.0,7.0,6.0,1.0,7.0,6.0,1.0,7.0,5.0,2.0,60.0,65.0,-5.0,89000.0,64089.0,24911.0,5.0,12.0,-7.0,4450.0,7690.68,-3240.6800000000003,73.9,26.2,47.7,21.3,8.7,12.600000000000001,21.4,19.9,1.5,4.536987407249148,4.225260641315457,0.31172676593369086
KS-MO,Broad all-owner match,204,1.4644741616898271,KS,999903500460271,MO,6329,5.0,5.0,0.0,5.0,6.0,-1.0,6.0,5.0,1.0,6.0,5.0,1.0,66.0,71.0,-5.0,46550.0,44166.0,2384.0,13.0,17.0,-4.0,6051.5,7508.22,-1456.7200000000003,60.8,26.2,34.599999999999994,24.1,9.2,14.900000000000002,18.3,19.9,-1.5999999999999979,7.153267509771557,4.237404500774871,2.915863008996686
KS-MO,Broad all-owner match,205,2.4300196283336453,KS,999943500460481,MO,1331,7.0,5.0,2.0,7.0,5.0,2.0,7.0,5.0,2.0,7.0,5.0,2.0,60.0,58.0,2.0,89000.0,18584.0,70416.0,5.0,5.0,0.0,4450.0,929.2,3520.8,73.9,74.1,-0.19999999999998863,21.3,22.9,-1.5999999999999979,21.4,36.0,-14.600000000000001,4.551599240491865,4.188080745286939,0.36351849520492596
KS-MO,Broad all-owner match,206,2.600581177272672,KS,999906900461301,MO,1827,6.0,5.0,1.0,6.0,5.0,1.0,7.0,5.0,2.0,7.0,6.0,1.0,52.0,49.0,3.0,43000.0,82831.0,-39831.0,5.0,12.0,-7.0,2150.0,9939.72,-7789.719999999999,46.6,58.8,-12.199999999999996,18.3,17.1,1.1999999999999993,19.9,35.6,-15.700000000000003,5.174843088880194,5.288810529215569,-0.11396744033537498
KS-MO,Broad all-owner match,207,3.3041890444477695,KS,999906900461271,MO,1828,6.0,5.0,1.0,6.0,5.0,1.0,7.0,5.0,2.0,7.0,6.0,1.0,52.0,51.0,1.0,43000.0,95218.0,-52218.0,5.0,12.0,-7.0,2150.0,11426.16,-9276.16,52.1,40.8,11.300000000000004,14.6,19.8,-5.200000000000001,15.8,35.6,-19.8,5.1752474242556,6.415410992692313,-1.2401635684367127
KS-MO,Broad all-owner match,208,3.5334033803512126,KS,999906900461231,MO,1831,7.0,5.0,2.0,7.0,5.0,2.0,7.0,5.0,2.0,7.0,6.0,1.0,52.0,49.0,3.0,31000.0,94922.0,-63922.0,6.0,12.0,-6.0,1860.0,11390.64,-9530.64,65.2,38.7,26.5,18.3,18.0,0.3000000000000007,15.8,35.6,-19.8,4.837001566198926,8.539938605540911,-3.702937039341985
KS-MO,Broad all-owner match,209,0.009523829378202276,KS,415450463151011,MO,35992,7.0,7.0,0.0,7.0,7.0,0.0,8.0,8.0,0.0,7.0,7.0,0.0,30.0,30.0,0.0,16710.0,16710.0,0.0,6.0,6.0,0.0,1002.6,1002.6,0.0,86.3,85.3,1.0,20.0,20.1,-0.10000000000000142,19.1,19.1,0.0,0.0038054347936027823,0.0032126311707429416,0.0005928036228598408
KS-MO,Broad all-owner match,210,0.018790621586578942,KS,415450463151010,MO,35993,7.0,7.0,0.0,7.0,7.0,0.0,8.0,8.0,0.0,7.0,7.0,0.0,30.0,30.0,0.0,16710.0,16710.0,0.0,6.0,6.0,0.0,1002.6,1002.6,0.0,86.3,85.3,1.0,20.0,20.1,-0.10000000000000142,16.2,16.3,-0.10000000000000142,0.019653880701793556,0.019653880701793556,0.0
KS-MO,Broad all-owner match,211,0.4201265824440973,KS,421950463001120,MO,25514,7.0,6.0,1.0,7.0,7.0,0.0,8.0,6.0,2.0,8.0,6.0,2.0,35.0,39.0,-4.0,21900.0,5546.0,16354.0,2.0,5.0,-3.0,438.0,277.3,160.7,57.9,55.8,2.1000000000000014,23.5,18.9,4.600000000000001,18.7,20.0,-1.3000000000000007,2.1783194330901567,2.1116911655659703,0.06662826752418649
KS-MO,Broad all-owner match,212,0.46574930141403753,KS,521950460000135,MO,2026,7.0,5.0,2.0,7.0,7.0,0.0,8.0,5.0,3.0,8.0,7.0,1.0,57.0,56.0,1.0,6400.0,6144.0,256.0,2.0,5.0,-3.0,128.0,307.2,-179.2,63.7,57.9,5.800000000000004,24.6,24.9,-0.29999999999999716,13.7,11.5,2.1999999999999993,2.6626139072176165,2.712737842394168,-0.05012393517655145
KS-MO,Broad all-owner match,213,0.6038563072218094,KS,999906900461221,MO,1883,6.0,5.0,1.0,7.0,7.0,0.0,6.0,5.0,1.0,6.0,6.0,0.0,52.0,51.0,1.0,8095.0,2945.0,5150.0,7.0,4.0,3.0,566.65,117.8,448.84999999999997,85.3,111.3,-26.0,25.6,27.7,-2.099999999999998,13.8,13.0,0.8000000000000007,4.185959302089266,4.548824093405408,-0.3628647913161416
KS-MO,Broad all-owner match,214,1.0752497789955198,KS,999943500463341,MO,34256,7.0,7.0,0.0,7.0,7.0,0.0,7.0,8.0,-1.0,7.0,8.0,-1.0,17.0,16.0,1.0,8095.0,9133.0,-1038.0,7.0,5.0,2.0,566.65,456.65,110.0,58.8,122.8,-64.0,31.0,36.6,-5.600000000000001,18.9,19.8,-0.9000000000000021,4.16607599269207,1.6882774336660633,2.4777985590260068
KS-MO,Broad all-owner match,215,1.2585498780016686,KS,415450462880002,MO,2021,7.0,7.0,0.0,7.0,7.0,0.0,8.0,7.0,1.0,8.0,7.0,1.0,58.0,56.0,2.0,21060.0,6144.0,14916.0,3.0,5.0,-2.0,631.8,307.2,324.59999999999997,40.5,44.5,-4.0,15.5,17.7,-2.1999999999999993,18.7,11.5,7.199999999999999,1.3215603770540045,2.3574475711215976,-1.035887194067593
KS-MO,Broad all-owner match,216,1.5534493247587045,KS,999906900462841,MO,3873,7.0,6.0,1.0,7.0,7.0,0.0,7.0,6.0,1.0,7.0,7.0,0.0,36.0,37.0,-1.0,10547.0,1116.0,9431.0,0.0,5.0,-5.0,0.0,55.8,-55.8,85.3,74.7,10.599999999999994,25.6,33.6,-8.0,12.4,10.2,2.200000000000001,4.171130491970958,2.9968770956358775,1.1742533963350805
KS-MO,Broad all-owner match,217,1.9220977960334313,KS,415700462681011,MO,4167,6.0,5.0,1.0,6.0,5.0,1.0,7.0,7.0,0.0,8.0,7.0,1.0,31.0,31.0,0.0,2748.0,2114.0,634.0,1.0,3.0,-2.0,27.48,63.42,-35.94,85.0,107.3,-22.299999999999997,25.6,46.6,-21.0,7.0,12.6,-5.6,6.19575809113853,3.362821823233411,2.832936267905119
KS-MO,Broad all-owner match,218,2.1119974308740064,KS,999943500464051,MO,36218,7.0,7.0,0.0,7.0,7.0,0.0,8.0,9.0,-1.0,7.0,9.0,-2.0,11.0,6.0,5.0,14788.0,5039.0,9749.0,0.0,5.0,-5.0,0.0,251.95,-251.95,105.6,53.8,51.8,34.4,26.4,8.0,22.4,20.1,2.299999999999997,6.167894861247713,4.356653219859205,1.8112416413885075
KS-MO,Broad all-owner match,219,2.14364641099092,KS,999906900461331,MO,1829,7.0,6.0,1.0,7.0,7.0,0.0,8.0,7.0,1.0,7.0,6.0,1.0,52.0,51.0,1.0,25428.0,6525.0,18903.0,0.0,5.0,-5.0,0.0,326.25,-326.25,95.4,85.0,10.400000000000006,29.0,28.0,1.0,31.0,27.7,3.3000000000000007,5.315432048607402,7.278330104195139,-1.9628980555877371
KS-MO,Broad all-owner match,220,2.2340491708160783,KS,999906900461341,MO,2025,7.0,7.0,0.0,7.0,8.0,-1.0,7.0,7.0,0.0,7.0,7.0,0.0,52.0,56.0,-4.0,4988.0,6144.0,-1156.0,0.0,5.0,-5.0,0.0,307.2,-307.2,56.9,57.9,-1.0,29.6,24.9,4.700000000000003,13.0,11.5,1.5,5.627764307657212,2.713653636043542,2.9141106716136695
KS-MO,Broad all-owner match,221,3.1683156498057734,KS,521950460000410,MO,6600,5.0,6.0,-1.0,6.0,7.0,-1.0,5.0,6.0,-1.0,6.0,6.0,0.0,65.0,65.0,0.0,4700.0,12709.0,-8009.0,6.0,5.0,1.0,282.0,635.45,-353.45000000000005,19.5,74.1,-54.599999999999994,9.3,24.1,-14.8,8.0,26.4,-18.4,5.206451858292683,4.494622931950444,0.711828926342239
KS-MO,Broad all-owner match,222,4.539912393044598,KS,999906900463481,MO,29080,7.0,6.0,1.0,7.0,6.0,1.0,8.0,8.0,0.0,8.0,6.0,2.0,18.0,23.0,-5.0,12879.0,15467.0,-2588.0,0.0,4.0,-4.0,0.0,618.68,-618.68,58.4,66.9,-8.500000000000007,31.0,31.5,-0.5,43.3,20.0,23.299999999999997,5.622127220170765,2.0659166877644233,3.5562105324063418
KS-MO,Broad all-owner match,223,0.4111836359486508,KS,999943500463141,MO,4426,7.0,6.0,1.0,7.0,6.0,1.0,8.0,7.0,1.0,8.0,6.0,2.0,31.0,31.0,0.0,80308.0,75684.0,4624.0,5.0,18.0,-13.0,4015.4,13623.12,-9607.720000000001,74.1,74.1,0.0,22.9,22.9,0.0,21.6,21.6,0.0,0.011132878061614919,0.018734312027674394,-0.007601433966059475
KS-MO,Broad all-owner match,224,0.5139595199443217,KS,999943500460501,MO,1184,7.0,6.0,1.0,7.0,7.0,0.0,8.0,7.0,1.0,7.0,6.0,1.0,60.0,59.0,1.0,87000.0,72825.0,14175.0,5.0,7.0,-2.0,4350.0,5097.75,-747.75,67.0,90.3,-23.299999999999997,18.3,21.9,-3.599999999999998,21.4,22.8,-1.4000000000000021,3.1733843733042777,2.1728945565034428,1.000489816800835
KS-MO,Broad all-owner match,225,0.6288239590731413,KS,999943500460511,MO,1183,6.0,6.0,0.0,7.0,7.0,0.0,8.0,7.0,1.0,6.0,6.0,0.0,60.0,59.0,1.0,87000.0,71990.0,15010.0,5.0,18.0,-13.0,4350.0,12958.2,-8608.2,67.0,97.0,-30.0,18.3,21.9,-3.599999999999998,21.4,20.3,1.0999999999999979,3.1733964788224,2.1710991870786502,1.0022972917437496
KS-MO,Broad all-owner match,226,0.8435289301595584,KS,999905600463261,MO,11958,7.0,7.0,0.0,7.0,7.0,0.0,7.0,7.0,0.0,8.0,7.0,1.0,24.0,25.0,-1.0,17383.0,15595.0,1788.0,3.0,3.0,0.0,521.49,467.85,53.639999999999986,60.8,78.6,-17.799999999999997,18.5,24.5,-6.0,13.5,12.2,1.3000000000000007,3.1846266764159488,1.2059099727372609,1.978716703678688
KS-MO,Broad all-owner match,227,0.8517306170083278,KS,999905600463271,MO,11957,7.0,7.0,0.0,7.0,7.0,0.0,7.0,7.0,0.0,8.0,8.0,0.0,24.0,25.0,-1.0,17383.0,10860.0,6523.0,3.0,4.0,-1.0,521.49,434.4,87.09000000000003,60.8,83.8,-23.0,18.5,24.5,-6.0,13.5,12.2,1.3000000000000007,3.184774398212503,1.2049565469101156,1.9798178513023874
KS-MO,Broad all-owner match,228,1.398357410816154,KS,999943500460401,MO,2131,7.0,6.0,1.0,7.0,6.0,1.0,7.0,7.0,0.0,7.0,6.0,1.0,61.0,56.0,5.0,62500.0,10102.0,52398.0,5.0,9.0,-4.0,3125.0,909.18,2215.82,68.6,36.9,31.699999999999996,21.6,14.3,7.300000000000001,21.8,14.3,7.5,7.4369889669501825,7.201316039178509,0.2356729277716738
KS-MO,Broad all-owner match,229,1.6712460377718954,KS,999943500462221,MO,3037,6.0,5.0,1.0,7.0,5.0,2.0,7.0,6.0,1.0,6.0,6.0,0.0,44.0,46.0,-2.0,42900.0,49220.0,-6320.0,8.0,12.0,-4.0,3432.0,5906.4,-2474.3999999999996,79.9,43.9,36.00000000000001,34.4,25.3,9.099999999999998,17.8,16.8,1.0,8.694743181141286,4.446468600335724,4.248274580805562
KS-MO,Broad all-owner match,230,1.6950867870240671,KS,999943500462231,MO,3036,7.0,5.0,2.0,7.0,6.0,1.0,7.0,6.0,1.0,7.0,5.0,2.0,44.0,46.0,-2.0,42900.0,53969.0,-11069.0,8.0,17.0,-9.0,3432.0,9174.73,-5742.73,79.9,43.9,36.00000000000001,34.4,25.3,9.099999999999998,17.8,16.8,1.0,8.709626290453969,4.457612076309192,4.2520142141447765
KS-MO,Broad all-owner match,231,1.831068853012253,KS,999906900461361,MO,2130,7.0,6.0,1.0,7.0,6.0,1.0,7.0,7.0,0.0,7.0,6.0,1.0,52.0,53.0,-1.0,39150.0,7881.0,31269.0,5.0,14.0,-9.0,1957.5,1103.34,854.1600000000001,125.6,36.9,88.69999999999999,41.1,14.3,26.8,13.0,14.2,-1.1999999999999993,5.611996608033844,4.9822982915214205,0.6296983165124237
KS-MO,Broad all-owner match,232,2.039988886581064,KS,999901000462391,MO,1826,7.0,5.0,2.0,7.0,6.0,1.0,7.0,6.0,1.0,7.0,5.0,2.0,44.0,49.0,-5.0,32600.0,5116.0,27484.0,5.0,10.0,-5.0,1630.0,511.6,1118.4,77.3,41.1,36.199999999999996,23.0,16.2,6.800000000000001,16.6,8.5,8.100000000000001,9.125026352533837,5.1932809884873885,3.9317453640464484
KS-MO,Broad all-owner match,233,2.1258136735754873,KS,999901000462401,MO,1825,7.0,6.0,1.0,7.0,6.0,1.0,7.0,7.0,0.0,7.0,6.0,1.0,44.0,49.0,-5.0,39750.0,6097.0,33653.0,5.0,4.0,1.0,1987.5,243.88,1743.62,74.5,41.1,33.4,23.0,16.2,6.800000000000001,16.6,8.5,8.100000000000001,9.125223960536326,5.171623040315483,3.9536009202208433
KS-MO,Broad all-owner match,234,2.373458456997437,KS,999943500460411,MO,443,7.0,6.0,1.0,7.0,6.0,1.0,7.0,6.0,1.0,7.0,6.0,1.0,61.0,59.0,2.0,62500.0,35112.0,27388.0,5.0,12.0,-7.0,3125.0,4213.44,-1088.4399999999996,68.6,157.6,-89.0,21.6,44.2,-22.6,21.8,20.3,1.5,7.4371644847942875,2.5072121132225007,4.929952371571787
KS-MO,Broad all-owner match,235,2.921367001818052,KS,999943500462081,MO,2112,7.0,7.0,0.0,7.0,7.0,0.0,7.0,7.0,0.0,7.0,7.0,0.0,45.0,49.0,-4.0,40200.0,94922.0,-54722.0,9.0,12.0,-3.0,3618.0,11390.64,-7772.639999999999,79.0,106.1,-27.099999999999994,22.9,23.2,-0.3000000000000007,17.7,35.5,-17.8,9.294434110328618,9.049514368913336,0.2449197414152824
KS-MO,Broad all-owner match,236,3.2854041396092435,KS,999943500462071,MO,1824,5.0,5.0,0.0,5.0,6.0,-1.0,6.0,5.0,1.0,7.0,6.0,1.0,45.0,49.0,-4.0,40200.0,69470.0,-29270.0,9.0,12.0,-3.0,3618.0,8336.4,-4718.4,79.0,51.5,27.5,22.9,19.8,3.099999999999998,17.7,35.6,-17.900000000000002,9.3092432983644,5.181192750815711,4.128050547548689
KS-MO,Broad all-owner match,237,1.3916573293706596,KS,000000000460500,MO,33162,7.0,6.0,1.0,8.0,6.0,2.0,8.0,7.0,1.0,7.0,9.0,-2.0,10.0,15.0,-5.0,1800.0,8819.0,-7019.0,6.0,8.0,-2.0,108.0,705.52,-597.52,37.3,41.6,-4.300000000000004,36.5,20.8,15.7,12.5,13.0,-0.5,1.2578022846426553,3.2753347919591373,-2.0175325073164823
KS-MO,Broad all-owner match,238,4.456252771101516,KS,415700462824005,MO,35565,8.0,7.0,1.0,8.0,7.0,1.0,8.0,7.0,1.0,8.0,8.0,0.0,9.0,8.0,1.0,36000.0,3900.0,32100.0,3.0,10.0,-7.0,1080.0,390.0,690.0,19.6,40.4,-20.799999999999997,18.8,20.2,-1.3999999999999986,41.1,13.8,27.3,6.743656712292019,7.823567991234604,-1.0799112789425855
KS-MO,Broad all-owner match,239,1.3992640282376259,KS,999906900464511,MO,36197,8.0,7.0,1.0,8.0,7.0,1.0,8.0,7.0,1.0,8.0,7.0,1.0,1.0,6.0,-5.0,28783.0,71422.0,-42639.0,2.0,18.0,-16.0,575.66,12855.96,-12280.3,28.2,33.7,-5.5000000000000036,28.2,32.6,-4.400000000000002,23.6,25.2,-1.5999999999999979,3.651372696250191,1.3548200992838662,2.296552596966325
KS-MO,Broad all-owner match,240,2.4256783416288066,KS,999906900464571,MO,36189,8.0,7.0,1.0,8.0,7.0,1.0,8.0,7.0,1.0,8.0,7.0,1.0,1.0,6.0,-5.0,31021.0,73408.0,-42387.0,7.0,18.0,-11.0,2171.47,13213.44,-11041.970000000001,47.5,40.3,7.200000000000003,47.5,39.2,8.299999999999997,12.9,25.2,-12.299999999999999,3.696454506638527,0.6103768972172128,3.086077609421314
KS-MO,Broad all-owner match,241,3.076944548594559,KS,999943500464031,MO,33987,8.0,7.0,1.0,8.0,7.0,1.0,8.0,7.0,1.0,8.0,9.0,-1.0,9.0,13.0,-4.0,62500.0,500.0,62000.0,5.0,5.0,0.0,3125.0,25.0,3100.0,28.4,43.3,-14.899999999999999,27.9,21.3,6.599999999999998,22.1,9.1,13.000000000000002,7.143968464524348,2.996429345600658,4.1475391189236905
KS-MO,Broad all-owner match,242,0.43193827728995154,KS,421950462951020,MO,3959,6.0,7.0,-1.0,7.0,7.0,0.0,8.0,8.0,0.0,6.0,8.0,-2.0,39.0,34.0,5.0,29400.0,5510.0,23890.0,2.0,5.0,-3.0,588.0,275.5,312.5,54.9,38.7,16.199999999999996,22.8,19.4,3.400000000000002,20.3,19.8,0.5,3.194482037827685,2.824535469739989,0.36994656808769566
KS-MO,Broad all-owner match,243,0.46611559197245,KS,421950462964516,MO,36516,7.0,8.0,-1.0,7.0,8.0,-1.0,8.0,8.0,0.0,8.0,9.0,-1.0,4.0,4.0,0.0,3000.0,3724.0,-724.0,5.0,5.0,0.0,150.0,186.2,-36.19999999999999,71.3,56.8,14.5,34.1,28.4,5.700000000000003,13.7,12.1,1.5999999999999996,5.429251742819897,5.652501340745567,-0.2232495979256699
KS-MO,Broad all-owner match,244,0.5969913091061225,KS,521950460000088,MO,31512,7.0,7.0,0.0,7.0,7.0,0.0,8.0,7.0,1.0,8.0,8.0,0.0,16.0,21.0,-5.0,5100.0,3280.0,1820.0,5.0,5.0,0.0,255.0,164.0,91.0,129.5,82.9,46.599999999999994,41.1,35.1,6.0,15.5,14.9,0.5999999999999996,1.4027427331154803,1.911614000439378,-0.5088712673238978
KS-MO,Broad all-owner match,245,0.6308660417291422,KS,415450463051015,MO,3960,7.0,7.0,0.0,7.0,7.0,0.0,8.0,8.0,0.0,7.0,7.0,0.0,33.0,34.0,-1.0,10915.0,4738.0,6177.0,2.0,5.0,-3.0,218.3,236.9,-18.599999999999994,61.0,39.0,22.0,20.0,19.5,0.5,18.6,19.2,-0.5999999999999979,1.155916534880256,2.8247674768095004,-1.6688509419292443
KS-MO,Broad all-owner match,246,0.7687725745663412,KS,000000000460170,MO,25838,7.0,7.0,0.0,7.0,7.0,0.0,8.0,8.0,0.0,7.0,8.0,-1.0,26.0,29.0,-3.0,2000.0,1053.0,947.0,6.0,4.0,2.0,120.0,42.12,77.88,75.6,118.9,-43.30000000000001,24.9,27.4,-2.5,11.6,12.9,-1.3000000000000007,1.208729235541618,2.7089219164327556,-1.5001926808911377
KS-MO,Broad all-owner match,247,0.8111869335494203,KS,521950460000370,MO,31668,7.0,7.0,0.0,7.0,7.0,0.0,8.0,7.0,1.0,8.0,9.0,-1.0,17.0,19.0,-2.0,9000.0,2046.0,6954.0,5.0,5.0,0.0,450.0,102.3,347.7,114.1,69.6,44.5,30.7,34.4,-3.6999999999999993,16.8,14.1,2.700000000000001,3.6560439266012663,4.330528661806075,-0.6744847352048087
KS-MO,Broad all-owner match,248,1.02350534167736,KS,521950460000013,MO,25522,7.0,7.0,0.0,7.0,7.0,0.0,8.0,7.0,1.0,8.0,7.0,1.0,35.0,33.0,2.0,3000.0,6951.0,-3951.0,2.0,4.0,-2.0,60.0,278.04,-218.04000000000002,21.6,46.3,-24.699999999999996,10.6,17.1,-6.500000000000002,15.8,20.1,-4.300000000000001,4.2927784010400085,5.158137916987401,-0.8653595159473921
KS-MO,Broad all-owner match,249,1.056960043916308,KS,521200460000090,MO,29655,7.0,7.0,0.0,7.0,7.0,0.0,8.0,8.0,0.0,7.0,7.0,0.0,18.0,22.0,-4.0,7965.0,1897.0,6068.0,5.0,8.0,-3.0,398.25,151.76,246.49,159.1,61.0,98.1,33.0,23.5,9.5,15.3,13.0,2.3000000000000007,9.47609690313179,9.502393486991664,-0.026296583859874545
KS-MO,Broad all-owner match,250,1.062939553326139,KS,521950460000420,MO,28448,8.0,7.0,1.0,8.0,7.0,1.0,8.0,8.0,0.0,8.0,7.0,1.0,33.0,33.0,0.0,1100.0,3386.0,-2286.0,6.0,5.0,1.0,66.0,169.3,-103.30000000000001,63.7,162.2,-98.49999999999999,22.8,27.1,-4.300000000000001,11.0,14.6,-3.5999999999999996,4.172970093792054,3.210201887263561,0.9627682065284935
KS-MO,Broad all-owner match,251,1.2400979470220568,KS,521950460000046,MO,3961,7.0,6.0,1.0,7.0,6.0,1.0,8.0,7.0,1.0,7.0,6.0,1.0,38.0,34.0,4.0,23400.0,12746.0,10654.0,2.0,5.0,-3.0,468.0,637.3,-169.29999999999995,49.7,60.7,-11.0,21.3,26.6,-5.300000000000001,28.3,25.8,2.5,5.910776155214205,2.8380071470710524,3.072769008143153
KS-MO,Broad all-owner match,252,1.5229631518750575,KS,521200460000089,MO,33545,7.0,8.0,-1.0,7.0,8.0,-1.0,8.0,9.0,-1.0,7.0,9.0,-2.0,18.0,15.0,3.0,7965.0,4800.0,3165.0,5.0,20.0,-15.0,398.25,960.0,-561.75,159.1,43.6,115.5,33.0,14.3,18.7,16.2,14.0,2.1999999999999993,9.474863711090544,8.975551310902768,0.499312400187776
KS-MO,Broad all-owner match,253,1.8142994697519004,KS,999906900463691,MO,32209,7.0,6.0,1.0,7.0,7.0,0.0,8.0,7.0,1.0,8.0,6.0,2.0,13.0,17.0,-4.0,4414.0,334.0,4080.0,0.0,4.0,-4.0,0.0,13.36,-13.36,59.9,76.5,-16.6,29.3,25.3,4.0,22.7,13.3,9.399999999999999,3.6602676372901746,4.378073800872837,-0.7178061635826625
KS-MO,Broad all-owner match,254,2.04984125303921,KS,421950462801512,MO,35265,8.0,6.0,2.0,8.0,6.0,2.0,8.0,6.0,2.0,8.0,7.0,1.0,5.0,9.0,-4.0,2500.0,11716.0,-9216.0,5.0,4.0,1.0,125.0,468.64,-343.64,97.9,57.1,40.800000000000004,24.3,28.6,-4.300000000000001,11.2,22.6,-11.400000000000002,6.206212621177442,4.421245476995633,1.7849671441818087
KS-MO,Broad all-owner match,255,2.1171141322501392,KS,426350462701023,MO,28450,6.0,6.0,0.0,7.0,7.0,0.0,6.0,8.0,-2.0,7.0,6.0,1.0,27.0,27.0,0.0,8820.0,11203.0,-2383.0,6.0,5.0,1.0,529.2,560.15,-30.949999999999932,74.5,148.4,-73.9,21.3,24.7,-3.3999999999999986,23.1,16.3,6.800000000000001,8.170885360458655,3.402501232461413,4.768384127997242
KS-MO,Broad all-owner match,256,2.1875370052898697,KS,426350462701004,MO,25479,7.0,7.0,0.0,7.0,7.0,0.0,7.0,8.0,-1.0,7.0,7.0,0.0,35.0,32.0,3.0,8015.0,9678.0,-1663.0,6.0,26.0,-20.0,480.9,2516.28,-2035.38,39.6,106.7,-67.1,15.2,22.9,-7.699999999999999,18.3,11.0,7.300000000000001,8.171359096929326,3.689767614916054,4.481591482013272
KS-MO,Broad all-owner match,257,2.220460251915753,KS,999906900463681,MO,32476,7.0,7.0,0.0,7.0,7.0,0.0,8.0,8.0,0.0,7.0,7.0,0.0,13.0,18.0,-5.0,4414.0,698.0,3716.0,0.0,7.0,-7.0,0.0,48.86,-48.86,59.9,113.9,-54.00000000000001,29.3,26.2,3.1000000000000014,24.6,14.0,10.600000000000001,3.6599439625050736,3.2304286168293315,0.4295153456757421
KS-MO,Broad all-owner match,258,0.5527667233629197,KS,999906900464601,MO,36865,8.0,9.0,-1.0,8.0,9.0,-1.0,8.0,9.0,-1.0,8.0,9.0,-1.0,1.0,3.0,-2.0,43100.0,40530.0,2570.0,5.0,12.0,-7.0,2155.0,4863.6,-2708.6000000000004,60.0,57.9,2.1000000000000014,22.9,28.4,-5.5,19.7,17.9,1.8000000000000007,5.1174834150170225,4.721538463821023,0.3959449511959994
KS-MO,Broad all-owner match,259,0.598789398406901,KS,999943500463111,MO,25517,7.0,7.0,0.0,7.0,7.0,0.0,8.0,8.0,0.0,7.0,8.0,-1.0,31.0,27.0,4.0,80308.0,28288.0,52020.0,5.0,5.0,0.0,4015.4,1414.4,2601.0,77.7,73.2,4.5,17.1,14.6,2.5000000000000018,28.3,30.8,-2.5,0.21227859378736488,0.6147944015056142,-0.40251580771824924
KS-MO,Broad all-owner match,260,0.8951294781787644,KS,999906900464591,MO,36866,8.0,8.0,0.0,8.0,9.0,-1.0,8.0,9.0,-1.0,8.0,8.0,0.0,1.0,3.0,-2.0,31000.0,43607.0,-12607.0,6.0,12.0,-6.0,1860.0,5232.84,-3372.84,74.2,149.3,-75.10000000000001,37.1,28.4,8.700000000000003,19.7,17.9,1.8000000000000007,4.822174284358249,4.703475821874206,0.11869846248404325
KS-MO,Broad all-owner match,261,3.7207981188457278,KS,999943500463101,MO,11931,7.0,5.0,2.0,7.0,6.0,1.0,8.0,6.0,2.0,7.0,5.0,2.0,31.0,26.0,5.0,80308.0,11441.0,68867.0,5.0,4.0,1.0,4015.4,457.64,3557.76,77.7,491.6,-413.90000000000003,17.1,33.5,-16.4,24.0,12.6,11.4,0.21214960976486938,0.3466441711444138,-0.13449456137954444
KS-MO,Broad all-owner match,262,0.9151514574178832,KS,000611105604940,MO,18647,8.0,7.0,1.0,8.0,7.0,1.0,8.0,7.0,1.0,8.0,8.0,0.0,21.0,21.0,0.0,96.0,100.0,-4.0,1.0,10.0,-9.0,0.96,10.0,-9.04,37.3,55.8,-18.5,14.6,21.9,-7.299999999999999,10.4,7.3,3.1000000000000005,3.8656020733791197,4.271008925392518,-0.40540685201339866
KS-MO,Broad all-owner match,263,1.320314483010198,KS,000000000610382,MO,21279,7.0,7.0,0.0,7.0,7.0,0.0,7.0,7.0,0.0,8.0,7.0,1.0,28.0,27.0,1.0,1428.0,100.0,1328.0,10.0,10.0,0.0,142.8,10.0,132.8,31.2,46.6,-15.400000000000002,12.1,18.3,-6.200000000000001,10.4,7.5,2.9000000000000004,3.4380797665224287,5.6075953237670975,-2.1695155572446687
KS-MO,Broad all-owner match,264,0.333495728699146,KS,000611109804860,MO,17990,7.0,5.0,2.0,7.0,6.0,1.0,7.0,6.0,1.0,7.0,5.0,2.0,31.0,35.0,-4.0,270.0,300.0,-30.0,10.0,5.0,5.0,27.0,15.0,12.0,6.8,9.1,-2.3,6.0,8.8,-2.8000000000000007,6.6,6.5,0.09999999999999964,1.5510602606415491,1.1609290937429384,0.3901311668986107
KS-MO,Broad all-owner match,265,0.5360928453411045,KS,000461111704720,MO,28666,7.0,7.0,0.0,7.0,7.0,0.0,7.0,7.0,0.0,7.0,7.0,0.0,28.0,24.0,4.0,30.0,45.0,-15.0,6.0,10.0,-4.0,1.8,4.5,-2.7,15.2,14.6,0.5999999999999996,14.9,13.4,1.5,8.8,7.3,1.5000000000000009,0.39952093228869745,1.451228330712509,-1.0517073984238114
KS-MO,Broad all-owner match,266,0.6991318927626596,KS,000611103604800,MO,21426,5.0,4.0,1.0,6.0,4.0,2.0,6.0,7.0,-1.0,5.0,7.0,-2.0,59.0,55.0,4.0,104.0,120.0,-16.0,7.0,5.0,2.0,7.28,6.0,1.2800000000000002,9.8,30.8,-21.0,8.2,14.9,-6.700000000000001,5.0,8.0,-3.0,4.834012502707168,5.279978904315195,-0.44596640160802714
KS-MO,Broad all-owner match,267,0.747105271978449,KS,000611105204781,MO,21111,6.0,5.0,1.0,7.0,5.0,2.0,7.0,5.0,2.0,6.0,7.0,-1.0,34.0,33.0,1.0,22.0,45.0,-23.0,0.0,10.0,-10.0,0.0,4.5,-4.5,14.8,19.5,-4.699999999999999,14.2,18.3,-4.100000000000001,8.5,6.1,2.4000000000000004,3.9827499326751252,3.7191553691863266,0.2635945634887986
KS-MO,Broad all-owner match,268,0.7515464735418805,KS,000611111304860,MO,17955,7.0,6.0,1.0,7.0,7.0,0.0,7.0,7.0,0.0,7.0,6.0,1.0,40.0,35.0,5.0,152.0,50.0,102.0,0.0,5.0,-5.0,0.0,2.5,-2.5,9.4,12.2,-2.799999999999999,8.8,11.9,-3.0999999999999996,7.4,4.5,2.9000000000000004,1.0994838447072413,0.26774580545763277,0.8317380392496085
KS-MO,Broad all-owner match,269,1.828725101294786,KS,000611095704885,MO,12642,5.0,5.0,0.0,6.0,6.0,0.0,6.0,5.0,1.0,5.0,5.0,0.0,115.0,115.0,0.0,136.0,230.0,-94.0,10.0,5.0,5.0,13.6,11.5,2.0999999999999996,7.9,17.1,-9.200000000000001,7.7,16.8,-9.100000000000001,4.7,4.4,0.2999999999999998,8.688501315860217,3.8659135631270667,4.82258775273315
KS-MO,Broad all-owner match,270,0.7992733681245642,KS,000611105604945,MO,18038,5.0,4.0,1.0,5.0,6.0,-1.0,5.0,4.0,1.0,5.0,4.0,1.0,110.0,115.0,-5.0,78.0,50.0,28.0,0.0,5.0,-5.0,0.0,2.5,-2.5,18.9,24.7,-5.800000000000001,18.2,17.1,1.0999999999999979,3.7,4.2,-0.5,3.7429787426737664,1.9644131900805335,1.778565552593233
KS-MO,Broad all-owner match,271,0.8140961218726168,KS,000611103004847,MO,37032,8.0,8.0,0.0,8.0,8.0,0.0,8.0,9.0,-1.0,8.0,8.0,0.0,6.0,2.0,4.0,81.0,120.0,-39.0,10.0,5.0,5.0,8.1,6.0,2.0999999999999996,36.1,27.4,8.700000000000003,35.0,27.4,7.600000000000001,7.9,7.4,0.5,5.465865771426798,3.723265298382168,1.74260047304463
KS-MO,Broad all-owner match,272,1.188732045622637,KS,000461109204680,MO,11868,7.0,7.0,0.0,7.0,7.0,0.0,8.0,7.0,1.0,7.0,8.0,-1.0,31.0,26.0,5.0,890.0,2417.0,-1527.0,5.0,11.0,-6.0,44.5,265.87,-221.37,54.1,40.2,13.899999999999999,19.8,15.0,4.800000000000001,9.1,12.8,-3.700000000000001,1.9706304229378167,4.05120856095646,-2.080578138018643
KS-MO,Broad all-owner match,273,1.395172101054689,KS,000000000610381,MO,32066,7.0,4.0,3.0,8.0,6.0,2.0,8.0,6.0,2.0,7.0,4.0,3.0,21.0,20.0,1.0,1202.0,25.0,1177.0,10.0,10.0,0.0,120.2,2.5,117.7,35.7,10.1,25.6,13.9,4.6,9.3,10.4,8.2,2.200000000000001,3.434502593881611,3.835400939201049,-0.4008983453194377
KS-MO,Broad all-owner match,274,0.5590088016993565,KS,000611099505101,MO,16997,7.0,5.0,2.0,7.0,7.0,0.0,7.0,7.0,0.0,7.0,5.0,2.0,33.0,31.0,2.0,19.0,30.0,-11.0,0.0,10.0,-10.0,0.0,3.0,-3.0,7.3,7.0,0.2999999999999998,7.0,6.4,0.5999999999999996,7.3,5.6,1.7000000000000002,6.924514172013731,7.21972177823738,-0.2952076062236495
KS-MO,Broad all-owner match,275,0.8487901617421428,KS,000611107405120,MO,20428,6.0,6.0,0.0,8.0,7.0,1.0,7.0,7.0,0.0,6.0,6.0,0.0,33.0,30.0,3.0,18.0,30.0,-12.0,0.0,10.0,-10.0,0.0,3.0,-3.0,12.2,22.9,-10.7,11.8,22.3,-10.5,7.3,6.2,1.0999999999999996,3.040930981274588,3.415505744610245,-0.37457476333565687
KS-MO,Broad all-owner match,276,1.0707038717377033,KS,000611095005088,MO,24582,5.0,7.0,-2.0,6.0,7.0,-1.0,7.0,8.0,-1.0,5.0,8.0,-3.0,95.0,95.0,0.0,31.0,35.0,-4.0,0.0,5.0,-5.0,0.0,1.75,-1.75,8.5,18.9,-10.399999999999999,3.7,17.7,-14.0,7.4,7.5,-0.09999999999999964,9.43544473772706,8.031973147735096,1.4034715899919643
KS-MO,Broad all-owner match,277,1.208172014575173,KS,000611103805040,MO,24392,7.0,5.0,2.0,8.0,5.0,3.0,7.0,6.0,1.0,7.0,6.0,1.0,35.0,33.0,2.0,230.0,45.0,185.0,0.0,5.0,-5.0,0.0,2.25,-2.25,10.4,23.5,-13.1,7.0,22.3,-15.3,8.6,5.1,3.5,4.565016607090126,3.9658185133324975,0.5991980937576282
KS-MO,Broad all-owner match,278,0.6751864334012122,KS,000000000610050,MO,7246,7.0,7.0,0.0,7.0,7.0,0.0,7.0,7.0,0.0,8.0,7.0,1.0,60.0,65.0,-5.0,551.0,500.0,51.0,10.0,17.0,-7.0,55.1,85.0,-29.9,59.0,60.7,-1.7000000000000028,22.5,22.9,-0.3999999999999986,9.2,7.5,1.6999999999999993,7.122180809386992,5.54973050120019,1.5724503081868022
KS-MO,Broad all-owner match,279,1.519306758328813,KS,000611099205120,MO,7291,5.0,6.0,-1.0,5.0,7.0,-2.0,7.0,6.0,1.0,7.0,7.0,0.0,60.0,63.0,-3.0,32.0,326.0,-294.0,0.0,16.0,-16.0,0.0,52.16,-52.16,66.8,56.4,10.399999999999999,25.2,21.3,3.8999999999999986,7.9,7.5,0.40000000000000036,7.184619503455241,9.020063136672485,-1.8354436332172446
KS-MO,Broad all-owner match,280,0.0011814210807667399,KS,000611113505108,MO,12157,7.0,7.0,0.0,7.0,7.0,0.0,7.0,7.0,0.0,7.0,7.0,0.0,27.0,27.0,0.0,100.0,100.0,0.0,10.0,10.0,0.0,10.0,10.0,0.0,41.1,41.1,0.0,15.2,15.2,0.0,8.7,8.7,0.0,4.2794974266906175e-05,0.0033270131605690778,-0.0032842181863021714
KS-MO,Broad all-owner match,281,1.500017543688996,KS,000611109004982,MO,28385,7.0,7.0,0.0,7.0,7.0,0.0,8.0,7.0,1.0,8.0,8.0,0.0,22.0,26.0,-4.0,141.0,50.0,91.0,6.0,10.0,-4.0,8.46,5.0,3.460000000000001,25.9,31.1,-5.200000000000003,24.6,11.6,13.000000000000002,10.4,7.5,2.9000000000000004,2.445449859617587,5.634522472230017,-3.1890726126124305
KS-MO,Broad all-owner match,282,0.0,KS,000541115005381,MO,31158,6.0,6.0,0.0,6.0,6.0,0.0,6.0,6.0,0.0,6.0,6.0,0.0,21.0,21.0,0.0,40.0,40.0,0.0,10.0,10.0,0.0,4.0,4.0,0.0,8.2,8.2,0.0,3.7,3.7,0.0,7.9,7.9,0.0,0.0002977650058582914,0.0002977650058582914,0.0
KS-MO,Broad all-owner match,283,0.01620031242053963,KS,000541117005465,MO,21754,6.0,6.0,0.0,6.0,6.0,0.0,7.0,7.0,0.0,6.0,6.0,0.0,35.0,35.0,0.0,50.0,50.0,0.0,10.0,10.0,0.0,5.0,5.0,0.0,21.0,21.0,0.0,20.7,20.7,0.0,4.9,4.8,0.10000000000000053,0.004676667167671619,0.005074827502361723,-0.00039816033469010446
KS-MO,Broad all-owner match,284,1.138155113133123,KS,999906900540371,MO,3716,7.0,6.0,1.0,7.0,6.0,1.0,8.0,6.0,2.0,8.0,7.0,1.0,35.0,39.0,-4.0,750.0,517.0,233.0,5.0,9.0,-4.0,37.5,46.53,-9.030000000000001,83.4,42.4,41.00000000000001,28.7,14.2,14.5,14.0,10.8,3.1999999999999993,4.799527338468905,5.609276195334874,-0.8097488568659692
KS-MO,Broad all-owner match,285,1.4653030719460542,KS,000541103005366,MO,18501,6.0,7.0,-1.0,8.0,7.0,1.0,8.0,7.0,1.0,6.0,7.0,-1.0,37.0,34.0,3.0,20.0,50.0,-30.0,0.0,10.0,-10.0,0.0,5.0,-5.0,50.7,59.1,-8.399999999999999,28.0,21.3,6.699999999999999,7.9,8.1,-0.1999999999999993,5.52841591120502,9.032011388675247,-3.5035954774702276
KS-MO,Broad all-owner match,286,0.638320426016283,KS,000061103605705,MO,25171,7.0,6.0,1.0,7.0,7.0,0.0,7.0,6.0,1.0,7.0,6.0,1.0,35.0,32.0,3.0,50.0,25.0,25.0,0.0,10.0,-10.0,0.0,2.5,-2.5,7.0,13.4,-6.4,6.7,12.8,-6.1000000000000005,7.3,5.7,1.5999999999999996,5.83126975910119,5.783813771108964,0.047455987992226056
KS-MO,Broad all-owner match,287,0.8206136692561414,KS,000061099005760,MO,16196,6.0,7.0,-1.0,6.0,7.0,-1.0,7.0,7.0,0.0,7.0,8.0,-1.0,34.0,33.0,1.0,70.0,20.0,50.0,0.0,10.0,-10.0,0.0,2.0,-2.0,8.8,17.1,-8.3,8.5,16.2,-7.699999999999999,6.1,5.6,0.5,8.432235318482741,9.934785698277068,-1.502550379794327
KS-MO,Broad all-owner match,288,0.9507039104130955,KS,000061107305780,MO,12759,6.0,5.0,1.0,6.0,7.0,-1.0,6.0,7.0,-1.0,6.0,5.0,1.0,100.0,105.0,-5.0,25.0,30.0,-5.0,0.0,10.0,-10.0,0.0,3.0,-3.0,11.3,18.9,-7.599999999999998,11.2,18.0,-6.800000000000001,6.7,5.5,1.2000000000000002,3.9484941523127897,5.760966265042013,-1.8124721127292234
KS-MO,Broad all-owner match,289,1.2217701964332084,KS,000061109805780,MO,15951,3.0,6.0,-3.0,6.0,8.0,-2.0,5.0,6.0,-1.0,3.0,6.0,-3.0,59.0,55.0,4.0,35.0,30.0,5.0,0.0,10.0,-10.0,0.0,3.0,-3.0,12.5,31.1,-18.6,11.8,12.2,-0.3999999999999986,6.1,4.9,1.1999999999999993,2.4584125634427227,5.496054535766082,-3.0376419723233594
KS-MO,Broad all-owner match,290,0.8961241528092331,KS,000000000060260,MO,7548,6.0,7.0,-1.0,6.0,8.0,-2.0,7.0,8.0,-1.0,7.0,7.0,0.0,69.0,74.0,-5.0,170.0,133.0,37.0,11.0,8.0,3.0,18.7,10.64,8.059999999999999,25.0,56.4,-31.4,9.1,21.3,-12.200000000000001,8.5,6.8,1.7000000000000002,2.36510786411455,2.7776090197285876,-0.41250115561403744
KS-MO,Broad all-owner match,291,1.2444271060784993,KS,000061099305720,MO,1658,6.0,5.0,1.0,6.0,6.0,0.0,7.0,6.0,1.0,7.0,5.0,2.0,55.0,59.0,-4.0,75.0,221.0,-146.0,0.0,12.0,-12.0,0.0,26.52,-26.52,69.2,61.6,7.600000000000001,30.4,24.4,6.0,7.9,8.8,-0.9000000000000004,8.041408320157416,8.976192771699631,-0.9347844515422157
KS-MO,Broad all-owner match,292,1.3089709853637557,KS,000061107205920,MO,18531,3.0,5.0,-2.0,4.0,6.0,-2.0,4.0,6.0,-2.0,3.0,5.0,-2.0,105.0,105.0,0.0,20.0,25.0,-5.0,0.0,10.0,-10.0,0.0,2.5,-2.5,6.7,13.4,-6.7,6.0,11.9,-5.9,4.9,5.9,-1.0,4.1124311256722175,0.8582914807680985,3.254139644904119
KS-MO,Broad all-owner match,293,1.3917492562889233,KS,999900700060311,MO,7383,6.0,6.0,0.0,6.0,7.0,-1.0,8.0,7.0,1.0,7.0,6.0,1.0,64.0,65.0,-1.0,559.0,179.0,380.0,3.0,22.0,-19.0,16.77,39.38,-22.610000000000003,73.3,31.1,42.199999999999996,29.9,10.4,19.5,10.1,8.1,2.0,8.282000205778772,7.138294104182887,1.1437061015958845
KS-MO,Broad all-owner match,294,0.8630168488566414,KS,000061103605967,MO,1520,5.0,5.0,0.0,5.0,7.0,-2.0,6.0,5.0,1.0,6.0,6.0,0.0,54.0,59.0,-5.0,100.0,677.0,-577.0,15.0,10.0,5.0,15.0,67.7,-52.7,69.5,144.5,-75.0,30.5,37.1,-6.600000000000001,8.5,8.7,-0.1999999999999993,5.578495927405357,5.763142201794494,-0.18464627438913706
KS-MO,Broad all-owner match,295,1.0270881870134663,KS,000000000060220,MO,7382,6.0,6.0,0.0,6.0,9.0,-3.0,7.0,6.0,1.0,7.0,6.0,1.0,60.0,65.0,-5.0,380.0,179.0,201.0,11.0,22.0,-11.0,41.8,39.38,2.4199999999999946,101.5,80.2,21.299999999999997,40.2,30.5,9.700000000000003,8.5,7.5,1.0,3.374764968799676,5.522387568617643,-2.147622599817967
KS-MO,Broad all-owner match,296,2.3909850368894108,KS,000061097906005,MO,30352,8.0,6.0,2.0,8.0,7.0,1.0,8.0,6.0,2.0,8.0,6.0,2.0,18.0,23.0,-5.0,35.0,25.0,10.0,0.0,5.0,-5.0,0.0,1.25,-1.25,91.8,15.8,76.0,35.0,7.6,27.4,8.5,6.2,2.3,8.860335465527218,4.718721607838686,4.141613857688531
KS-MO,Broad all-owner match,297,1.3439122191896773,KS,999906900060521,MO,3615,7.0,5.0,2.0,7.0,5.0,2.0,8.0,6.0,2.0,7.0,5.0,2.0,40.0,38.0,2.0,3652.0,3585.0,67.0,15.0,14.0,1.0,547.8,501.9,45.89999999999998,72.1,116.7,-44.60000000000001,35.7,31.4,4.300000000000004,13.0,13.9,-0.9000000000000004,4.657711920731371,1.138136639464849,3.5195752812665217
KS-MO,Broad all-owner match,298,1.360400058521482,KS,999906900060551,MO,18714,7.0,7.0,0.0,8.0,7.0,1.0,7.0,9.0,-2.0,8.0,7.0,1.0,40.0,40.0,0.0,172.0,100.0,72.0,3.0,10.0,-7.0,5.16,10.0,-4.84,83.7,57.6,26.1,26.8,18.9,7.900000000000002,11.7,8.1,3.5999999999999996,4.852313700759225,1.8167813409413427,3.035532359817883
KS-MO,Broad all-owner match,299,1.7529376598285618,KS,000061113005946,MO,32069,8.0,7.0,1.0,8.0,7.0,1.0,8.0,7.0,1.0,8.0,7.0,1.0,13.0,18.0,-5.0,30.0,40.0,-10.0,0.0,10.0,-10.0,0.0,4.0,-4.0,72.2,46.9,25.300000000000004,28.0,21.3,6.699999999999999,8.5,7.5,1.0,1.3068041976526092,5.706783274805998,-4.399979077153389
KS-MO,Broad all-owner match,300,1.994335878525522,KS,999906900060531,MO,3478,7.0,3.0,4.0,8.0,7.0,1.0,7.0,7.0,0.0,7.0,3.0,4.0,40.0,40.0,0.0,34.0,628.0,-594.0,0.0,10.0,-10.0,0.0,62.8,-62.8,83.7,39.6,44.1,26.8,13.3,13.5,9.3,9.0,0.3000000000000007,4.713024417163347,1.6648704552477727,3.048153961915575
KS-MO,Broad all-owner match,301,0.21663015896873494,KS,999905400060671,MO,3325,6.0,4.0,2.0,7.0,7.0,0.0,8.0,7.0,1.0,6.0,4.0,2.0,38.0,41.0,-3.0,3458.0,4057.0,-599.0,16.0,14.0,2.0,553.28,567.98,-14.700000000000045,64.5,87.5,-23.0,21.3,22.3,-1.0,14.0,13.9,0.09999999999999964,6.847562405220384,6.737153212263299,0.11040919295708562
KS-MO,Broad all-owner match,302,0.8603317397521713,KS,000111107306860,MO,19766,5.0,4.0,1.0,5.0,7.0,-2.0,6.0,7.0,-1.0,5.0,4.0,1.0,89.0,85.0,4.0,30.0,50.0,-20.0,5.0,10.0,-5.0,1.5,5.0,-3.5,17.1,6.7,10.400000000000002,3.9,3.0,0.8999999999999999,6.4,7.3,-0.8999999999999995,4.387322462675053,2.2365250467740516,2.1507974159010015
KS-MO,Broad all-owner match,303,0.7285037447744059,KS,000111103006986,MO,29315,8.0,7.0,1.0,8.0,8.0,0.0,8.0,8.0,0.0,8.0,7.0,1.0,22.0,24.0,-2.0,30.0,100.0,-70.0,5.0,10.0,-5.0,1.5,10.0,-8.5,30.8,27.4,3.400000000000002,12.0,11.0,1.0,9.1,7.5,1.5999999999999996,6.71494657205434,5.45910405556541,1.2558425164889302
KS-MO,Broad all-owner match,304,0.8827652770395412,KS,000111101106780,MO,32178,7.0,8.0,-1.0,7.0,8.0,-1.0,7.0,8.0,-1.0,7.0,8.0,-1.0,15.0,19.0,-4.0,50.0,200.0,-150.0,5.0,11.0,-6.0,2.5,22.0,-19.5,31.2,37.5,-6.300000000000001,12.1,14.6,-2.5,8.5,7.5,1.0,7.692188227682987,9.214948871494208,-1.5227606438112211
KS-MO,Broad all-owner match,305,1.0833835321744936,KS,000000000110510,MO,21741,6.0,6.0,0.0,6.0,7.0,-1.0,6.0,7.0,-1.0,7.0,6.0,1.0,47.0,42.0,5.0,75.0,75.0,0.0,10.0,10.0,0.0,7.5,7.5,0.0,78.0,6.7,71.3,17.0,3.0,14.0,9.1,7.3,1.7999999999999998,3.0926674817674087,2.708321592911953,0.3843458888554556
KS-MO,Broad all-owner match,306,1.3056547370005893,KS,000000000110210,MO,29309,7.0,7.0,0.0,7.0,7.0,0.0,7.0,7.0,0.0,7.0,8.0,-1.0,27.0,24.0,3.0,355.0,30.0,325.0,10.0,10.0,0.0,35.5,3.0,32.5,55.6,27.4,28.200000000000003,21.9,11.0,10.899999999999999,9.1,7.5,1.5999999999999996,3.235813998199826,1.1513968497158358,2.0844171484839906
KS-MO,Broad all-owner match,307,1.4951044771524098,KS,000111105606840,MO,29625,7.0,7.0,0.0,7.0,7.0,0.0,7.0,7.0,0.0,7.0,7.0,0.0,21.0,25.0,-4.0,30.0,1950.0,-1920.0,5.0,2.0,3.0,1.5,39.0,-37.5,50.9,10.7,40.2,19.9,2.3,17.599999999999998,9.1,9.8,-0.7000000000000011,5.122295917677748,5.580174924450161,-0.457879006772413
KS-MO,Broad all-owner match,308,1.2328440559990814,KS,000111113006787,MO,8070,5.0,6.0,-1.0,6.0,8.0,-2.0,7.0,6.0,1.0,5.0,6.0,-1.0,64.0,65.0,-1.0,30.0,567.0,-537.0,5.0,15.0,-10.0,1.5,85.05,-83.55,15.5,38.1,-22.6,13.4,12.8,0.5999999999999996,7.8,7.8,0.0,1.7503309466839725,2.4949237941361613,-0.7445928474521888
KS-MO,Broad all-owner match,309,0.97565414933574,KS,000000000110520,MO,8071,5.0,6.0,-1.0,5.0,8.0,-3.0,6.0,8.0,-2.0,6.0,6.0,0.0,68.0,65.0,3.0,330.0,567.0,-237.0,10.0,15.0,-5.0,33.0,85.05,-52.05,78.3,80.5,-2.200000000000003,16.7,30.5,-13.8,7.9,8.1,-0.1999999999999993,3.6095013803452325,4.44852902619978,-0.8390276458545474
KS-MO,Broad all-owner match,310,1.377882563642468,KS,000111099006828,MO,2464,6.0,3.0,3.0,6.0,3.0,3.0,7.0,5.0,2.0,7.0,6.0,1.0,56.0,53.0,3.0,50.0,820.0,-770.0,5.0,21.0,-16.0,2.5,172.2,-169.7,18.3,29.9,-11.599999999999998,8.8,11.6,-2.799999999999999,8.4,9.4,-1.0,8.702300308172086,7.84248822568564,0.8598120824864459
KS-MO,Broad all-owner match,311,1.491062492625642,KS,000000000110200,MO,159,6.0,5.0,1.0,6.0,5.0,1.0,6.0,6.0,0.0,7.0,6.0,1.0,63.0,67.0,-4.0,410.0,4139.0,-3729.0,10.0,11.0,-1.0,41.0,455.29,-414.29,165.2,65.5,99.69999999999999,39.0,25.9,13.100000000000001,8.4,7.5,0.9000000000000004,0.39553729130164184,2.034837888317066,-1.6393005970154242
KS-MO,Broad all-owner match,312,1.9152788682554864,KS,000111109406700,MO,2340,6.0,5.0,1.0,6.0,6.0,0.0,7.0,6.0,1.0,7.0,5.0,2.0,58.0,54.0,4.0,75.0,3099.0,-3024.0,5.0,5.0,0.0,3.75,154.95,-151.2,88.4,130.1,-41.69999999999999,33.5,30.5,3.0,8.5,12.4,-3.9000000000000004,3.4037455967335006,7.068991080005805,-3.6652454832723045
KS-MO,Broad all-owner match,313,2.0378822955819516,KS,000111103006846,MO,2341,6.0,5.0,1.0,6.0,5.0,1.0,6.0,7.0,-1.0,6.0,6.0,0.0,50.0,54.0,-4.0,35.0,4677.0,-4642.0,5.0,10.0,-5.0,1.75,467.7,-465.95,35.7,43.0,-7.299999999999997,14.3,16.8,-2.5,7.9,14.2,-6.299999999999999,6.705132833936724,5.982949754692112,0.722183079244612
KS-MO,Broad all-owner match,314,2.363859505273306,KS,000111101006842,MO,2339,6.0,4.0,2.0,6.0,6.0,0.0,6.0,6.0,0.0,6.0,4.0,2.0,56.0,54.0,2.0,35.0,3099.0,-3064.0,5.0,5.0,0.0,1.75,154.95,-153.2,18.3,181.7,-163.39999999999998,8.8,30.5,-21.7,8.2,12.4,-4.200000000000001,7.708980117612311,7.0884154144455715,0.6205647031667398
KS-MO,Broad all-owner match,315,0.8074859927919289,KS,00000000000B318,MO,28771,8.0,7.0,1.0,8.0,7.0,1.0,8.0,7.0,1.0,8.0,7.0,1.0,21.0,25.0,-4.0,30.0,500.0,-470.0,15.0,10.0,5.0,4.5,50.0,-45.5,34.3,34.1,0.19999999999999574,13.4,13.4,0.0,7.9,7.5,0.40000000000000036,1.1927820047096467,1.8798111314447072,-0.6870291267350606
KS-MO,Broad all-owner match,316,1.3837942326269952,KS,000221041303085,MO,21310,5.0,6.0,-1.0,6.0,6.0,0.0,6.0,7.0,-1.0,5.0,6.0,-1.0,33.0,36.0,-3.0,35.0,10.0,25.0,0.0,10.0,-10.0,0.0,1.0,-1.0,25.9,21.6,4.299999999999997,17.7,21.3,-3.6000000000000014,6.2,6.0,0.20000000000000018,0.9301001417523875,4.653121847197551,-3.7230217054451633
KS-MO,Broad all-owner match,317,1.4716963030681023,KS,000221035203165,MO,22945,7.0,6.0,1.0,7.0,7.0,0.0,7.0,6.0,1.0,8.0,8.0,0.0,28.0,25.0,3.0,20.0,400.0,-380.0,0.0,10.0,-10.0,0.0,40.0,-40.0,45.7,13.4,32.300000000000004,15.2,12.5,2.6999999999999993,6.2,6.2,0.0,6.038823051472392,8.01827387347461,-1.9794508220022182
KS-MO,Broad all-owner match,318,2.651056437996629,KS,999906600110051,MO,1525,7.0,7.0,0.0,7.0,9.0,-2.0,7.0,7.0,0.0,7.0,7.0,0.0,61.0,57.0,4.0,4096.0,267.0,3829.0,5.0,12.0,-7.0,204.8,32.04,172.76000000000002,282.7,87.5,195.2,52.4,26.5,25.9,9.3,9.4,-0.09999999999999964,4.233075882120518,8.195373427216387,-3.9622975450958684
KS-MO,Broad all-owner match,319,1.71334484296133,KS,999902600111321,MO,36507,8.0,9.0,-1.0,8.0,9.0,-1.0,8.0,9.0,-1.0,8.0,9.0,-1.0,2.0,4.0,-2.0,0.0,15.0,-15.0,1.0,10.0,-9.0,0.0,1.5,-1.5,102.0,48.2,53.8,29.0,21.8,7.199999999999999,17.8,8.1,9.700000000000001,1.328355028341655,1.0149245602200898,0.31343046812156516
KS-MO,Broad all-owner match,320,0.8768447903652211,KS,000221057803205,MO,23304,6.0,5.0,1.0,8.0,7.0,1.0,8.0,7.0,1.0,6.0,5.0,1.0,37.0,33.0,4.0,5.0,40.0,-35.0,0.0,10.0,-10.0,0.0,4.0,-4.0,37.2,9.1,28.1,14.6,8.2,6.4,5.5,6.1,-0.5999999999999996,1.155927303478514,2.5170451151435023,-1.3611178116649882
KS-MO,Broad all-owner match,321,0.2477320170692042,KS,000000000220280,MO,22385,7.0,7.0,0.0,7.0,7.0,0.0,8.0,7.0,1.0,7.0,7.0,0.0,32.0,33.0,-1.0,44.0,5.0,39.0,0.0,10.0,-10.0,0.0,0.5,-0.5,11.9,11.3,0.5999999999999996,11.3,10.9,0.40000000000000036,8.1,6.9,1.1999999999999993,1.0488774159655099,0.9028267048884162,0.14605071107709366
KS-MO,Broad all-owner match,322,0.6408066732422661,KS,000221049803240,MO,22272,6.0,3.0,3.0,6.0,7.0,-1.0,7.0,6.0,1.0,6.0,3.0,3.0,34.0,35.0,-1.0,15.0,10.0,5.0,0.0,10.0,-10.0,0.0,1.0,-1.0,31.7,21.6,10.099999999999998,12.8,21.6,-8.8,6.4,6.8,-0.39999999999999947,4.070917327459469,3.507480804480985,0.5634365229784839
KS-MO,Broad all-owner match,323,1.140686609241858,KS,000221051803265,MO,33997,7.0,8.0,-1.0,8.0,8.0,0.0,7.0,8.0,-1.0,8.0,8.0,0.0,18.0,14.0,4.0,20.0,10.0,10.0,0.0,10.0,-10.0,0.0,1.0,-1.0,12.2,12.2,0.0,11.8,11.9,-0.09999999999999964,7.5,7.5,0.0,4.998992562467056,8.071957528200548,-3.072964965733491
KS-MO,Broad all-owner match,324,1.1656043196794472,KS,000000000220340,MO,1506,6.0,4.0,2.0,6.0,5.0,1.0,6.0,4.0,2.0,6.0,6.0,0.0,55.0,57.0,-2.0,65.0,90.0,-25.0,0.0,7.0,-7.0,0.0,6.3,-6.3,95.5,83.2,12.299999999999997,37.7,26.5,11.200000000000003,9.2,9.4,-0.20000000000000107,4.8967172777262675,6.661915062105535,-1.7651977843792679
KS-MO,Broad all-owner match,325,1.9069759664243815,KS,999900700220501,MO,33471,7.0,7.0,0.0,8.0,8.0,0.0,8.0,9.0,-1.0,7.0,7.0,0.0,21.0,16.0,5.0,1563.0,20.0,1543.0,16.0,10.0,6.0,250.08,2.0,248.08,85.0,61.9,23.1,28.0,27.4,0.6000000000000014,12.8,8.9,3.9000000000000004,5.277194904377919,2.5691768608024383,2.7080180435754806
KS-MO,Broad all-owner match,326,1.4824730508264514,KS,000221073803206,MO,23604,6.0,5.0,1.0,7.0,7.0,0.0,8.0,7.0,1.0,6.0,5.0,1.0,31.0,34.0,-3.0,35.0,10.0,25.0,0.0,10.0,-10.0,0.0,1.0,-1.0,17.1,8.2,8.900000000000002,16.4,7.9,8.499999999999998,6.2,5.5,0.7000000000000002,0.5714948633201253,4.330732857924399,-3.759237994604274
KS-MO,Broad all-owner match,327,1.259878032737315,KS,000000000220060,MO,955,7.0,5.0,2.0,7.0,5.0,2.0,7.0,5.0,2.0,7.0,6.0,1.0,57.0,60.0,-3.0,690.0,4651.0,-3961.0,11.0,6.0,5.0,75.9,279.06,-203.16,52.4,66.1,-13.699999999999996,20.6,18.3,2.3000000000000007,11.0,9.9,1.0999999999999996,0.9474178520937553,4.143582543147612,-3.1961646910538564
KS-MO,Broad all-owner match,328,0.25969275034428957,KS,999903600220301,MO,3178,7.0,6.0,1.0,7.0,6.0,1.0,7.0,6.0,1.0,7.0,6.0,1.0,42.0,46.0,-4.0,8413.0,8026.0,387.0,8.0,5.0,3.0,673.04,401.3,271.73999999999995,40.4,50.3,-9.899999999999999,15.9,15.7,0.20000000000000107,16.0,15.5,0.5,0.26674941710449285,0.3449521184298905,-0.07820270132539764
KS-MO,Broad all-owner match,329,0.3347570834072134,KS,999903600220311,MO,1922,7.0,6.0,1.0,7.0,6.0,1.0,7.0,6.0,1.0,7.0,7.0,0.0,42.0,46.0,-4.0,5848.0,9340.0,-3492.0,12.0,12.0,0.0,701.76,1120.8,-419.03999999999996,40.5,39.0,1.5,15.9,19.2,-3.299999999999999,16.0,16.8,-0.8000000000000007,0.2747864755278891,0.42413707115522276,-0.14935059562733366
KS-MO,Broad all-owner match,330,1.0934022524970237,KS,999903600220351,MO,1813,7.0,6.0,1.0,7.0,6.0,1.0,7.0,6.0,1.0,7.0,7.0,0.0,41.0,46.0,-5.0,4977.0,3805.0,1172.0,24.0,22.0,2.0,1194.48,837.1,357.38,37.3,38.4,-1.1000000000000014,14.6,17.7,-3.0999999999999996,12.8,12.4,0.40000000000000036,4.2896813867267145,1.373289866390102,2.9163915203366124
KS-MO,Broad all-owner match,331,0.6577957349413687,KS,000221067503364,MO,17881,7.0,4.0,3.0,8.0,5.0,3.0,7.0,4.0,3.0,7.0,4.0,3.0,35.0,34.0,1.0,20.0,35.0,-15.0,0.0,10.0,-10.0,0.0,3.5,-3.5,12.2,29.6,-17.400000000000002,11.3,11.9,-0.5999999999999996,6.1,6.9,-0.8000000000000007,2.1704457720029993,3.21440939136849,-1.0439636193654906
KS-MO,Broad all-owner match,332,0.03244698749966043,KS,999903600220291,MO,3049,5.0,5.0,0.0,6.0,6.0,0.0,5.0,5.0,0.0,5.0,5.0,0.0,42.0,42.0,0.0,7009.0,7271.0,-262.0,20.0,20.0,0.0,1401.8,1454.2,-52.40000000000009,523.6,523.6,0.0,129.5,129.5,0.0,13.0,13.0,0.0,0.00673274990293758,0.09014812119386155,-0.08341537129092397
KS-MO,Broad all-owner match,333,0.055379479636249805,KS,999903600220281,MO,3050,5.0,5.0,0.0,6.0,6.0,0.0,5.0,5.0,0.0,5.0,5.0,0.0,42.0,42.0,0.0,8227.0,7234.0,993.0,15.0,16.0,-1.0,1234.05,1157.44,76.6099999999999,523.6,523.6,0.0,129.5,129.5,0.0,13.0,13.0,0.0,0.0012471525555698849,0.14305410570443253,-0.14180695314886263
KS-MO,Broad all-owner match,334,0.43980231892673666,KS,999903600220331,MO,1908,7.0,6.0,1.0,7.0,6.0,1.0,7.0,6.0,1.0,7.0,6.0,1.0,42.0,46.0,-4.0,4658.0,4117.0,541.0,14.0,22.0,-8.0,652.12,905.74,-253.62,76.1,73.8,2.299999999999997,32.6,27.7,4.900000000000002,13.1,12.4,0.6999999999999993,0.8062829060494928,0.1903519906203046,0.6159309154291882
KS-MO,Broad all-owner match,335,0.6602507553028126,KS,000221059703488,MO,31647,7.0,7.0,0.0,8.0,7.0,1.0,7.0,7.0,0.0,7.0,8.0,-1.0,26.0,21.0,5.0,20.0,20.0,0.0,0.0,10.0,-10.0,0.0,2.0,-2.0,9.1,15.7,-6.6,8.8,15.2,-6.399999999999999,6.2,8.1,-1.8999999999999995,1.7710427189478997,1.9158863451134678,-0.14484362616556812
KS-MO,Broad all-owner match,336,0.9578400219308605,KS,000221069303440,MO,19814,7.0,7.0,0.0,7.0,7.0,0.0,8.0,7.0,1.0,8.0,8.0,0.0,31.0,29.0,2.0,5.0,20.0,-15.0,0.0,10.0,-10.0,0.0,2.0,-2.0,23.8,15.5,8.3,11.8,14.9,-3.0999999999999996,6.3,7.5,-1.2000000000000002,0.3781925382087642,2.6964266190547113,-2.318234080845947
KS-MO,Broad all-owner match,337,1.2557286163313295,KS,000221049303465,MO,19546,5.0,5.0,0.0,7.0,6.0,1.0,5.0,5.0,0.0,5.0,5.0,0.0,65.0,65.0,0.0,10.0,25.0,-15.0,0.0,10.0,-10.0,0.0,2.5,-2.5,21.3,13.1,8.200000000000001,11.8,12.8,-1.0,5.0,6.2,-1.2000000000000002,7.274418574671486,4.039890350565457,3.234528224106029
KS-MO,Broad all-owner match,338,1.2973690339077926,KS,000221047103445,MO,20684,8.0,7.0,1.0,8.0,7.0,1.0,8.0,7.0,1.0,8.0,7.0,1.0,28.0,29.0,-1.0,10.0,15.0,-5.0,0.0,10.0,-10.0,0.0,1.5,-1.5,12.4,27.7,-15.299999999999999,11.8,27.1,-15.3,6.2,7.6,-1.3999999999999995,8.848288003566044,6.688377058020695,2.1599109455453487
KS-MO,Broad all-owner match,339,1.436674773675716,KS,000221057203465,MO,31552,7.0,8.0,-1.0,8.0,8.0,0.0,7.0,8.0,-1.0,7.0,8.0,-1.0,18.0,19.0,-1.0,20.0,150.0,-130.0,0.0,10.0,-10.0,0.0,15.0,-15.0,12.2,23.5,-11.3,11.7,22.9,-11.2,6.3,6.2,0.09999999999999964,3.6272930715627476,1.3149072412457334,2.312385830317014
KS-MO,Broad all-owner match,340,0.9999242790631185,KS,999900700030561,MO,31345,8.0,7.0,1.0,8.0,7.0,1.0,8.0,8.0,0.0,8.0,8.0,0.0,22.0,20.0,2.0,1725.0,621.0,1104.0,13.0,45.0,-32.0,224.25,279.45,-55.19999999999999,54.3,55.7,-1.4000000000000057,26.0,18.3,7.699999999999999,13.6,8.7,4.9,2.40716739234329,3.3907429884428777,-0.9835755960995876
KS-MO,Broad all-owner match,341,0.11296370800874528,KS,999905900030551,MO,32604,7.0,7.0,0.0,7.0,7.0,0.0,7.0,7.0,0.0,7.0,7.0,0.0,13.0,15.0,-2.0,8382.0,6968.0,1414.0,14.0,19.0,-5.0,1173.48,1323.92,-150.44000000000005,775.9,775.7,0.1999999999999318,160.6,160.6,0.0,22.1,22.1,0.0,0.023747943946313074,0.21902309060999486,-0.1952751466636818
KS-MO,Broad all-owner match,342,0.8996124267826013,KS,000031047403720,MO,34491,8.0,7.0,1.0,8.0,7.0,1.0,8.0,7.0,1.0,8.0,8.0,0.0,11.0,13.0,-2.0,20.0,120.0,-100.0,0.0,10.0,-10.0,0.0,12.0,-12.0,15.2,16.3,-1.1000000000000014,14.9,15.5,-0.5999999999999996,7.5,8.2,-0.6999999999999993,7.0130193352119425,6.434712394661819,0.5783069405501235
KS-MO,Broad all-owner match,343,1.1174243491677156,KS,00000000003B270,MO,35839,8.0,7.0,1.0,8.0,7.0,1.0,8.0,9.0,-1.0,8.0,8.0,0.0,4.0,7.0,-3.0,347.0,30.0,317.0,11.0,10.0,1.0,38.17,3.0,35.17,19.8,29.3,-9.5,19.4,28.7,-9.3,8.7,7.5,1.1999999999999993,4.057943238114043,2.6330277027173405,1.4249155353967025
KS-MO,Broad all-owner match,344,1.2449008933967627,KS,000031063303708,MO,32632,8.0,7.0,1.0,8.0,8.0,0.0,8.0,7.0,1.0,8.0,9.0,-1.0,12.0,16.0,-4.0,10.0,220.0,-210.0,0.0,10.0,-10.0,0.0,22.0,-22.0,15.2,20.4,-5.199999999999999,14.9,19.8,-4.9,7.5,7.5,0.0,0.7859114487972944,2.346918562232151,-1.5610071134348567
KS-MO,Broad all-owner match,345,1.286297037612668,KS,000031049903563,MO,28536,5.0,4.0,1.0,5.0,6.0,-1.0,5.0,6.0,-1.0,5.0,4.0,1.0,100.0,105.0,-5.0,20.0,60.0,-40.0,0.0,10.0,-10.0,0.0,6.0,-6.0,15.8,39.9,-24.099999999999998,15.2,30.5,-15.3,4.9,4.3,0.6000000000000005,3.6415921309452717,2.31349435613503,1.3280977748102418
KS-MO,Broad all-owner match,346,1.693815517304386,KS,000000000520260,MO,86,5.0,6.0,-1.0,6.0,6.0,0.0,6.0,6.0,0.0,5.0,8.0,-3.0,70.0,67.0,3.0,945.0,86.0,859.0,11.0,12.0,-1.0,103.95,10.32,93.63,48.6,63.1,-14.5,18.2,17.1,1.0999999999999979,8.1,8.1,0.0,1.2169963113714592,5.412322360741237,-4.195326049369778
KS-MO,Broad all-owner match,347,0.9564934126026421,KS,415400523531005,MO,3638,6.0,7.0,-1.0,6.0,7.0,-1.0,7.0,7.0,0.0,7.0,7.0,0.0,37.0,33.0,4.0,2795.0,3977.0,-1182.0,6.0,13.0,-7.0,167.7,517.01,-349.31,40.5,86.6,-46.099999999999994,15.2,26.9,-11.7,14.2,12.6,1.5999999999999996,0.27681935452876605,0.7860906455878891,-0.509271291059123
KS-MO,Broad state-agency match,1,1.9909725884567058,KS,999904700190251,MO,4717,6.0,5.0,1.0,6.0,5.0,1.0,7.0,5.0,2.0,6.0,5.0,1.0,102.0,101.0,1.0,4196.0,1871.0,2325.0,8.0,21.0,-13.0,335.68,392.91,-57.23000000000002,9.9,8.5,1.4000000000000004,4.3,7.6,-3.3,13.4,8.2,5.200000000000001,8.83552719146563,4.118697224698829,4.7168299667668006
KS-MO,Broad state-agency match,2,0.487189146296051,KS,999903201050841,MO,1437,6.0,5.0,1.0,6.0,5.0,1.0,7.0,5.0,2.0,7.0,6.0,1.0,54.0,57.0,-3.0,7200.0,29357.0,-22157.0,8.0,6.0,2.0,576.0,1761.42,-1185.42,40.5,39.6,0.8999999999999986,15.8,14.9,0.9000000000000004,12.8,12.4,0.40000000000000036,8.755497167344526,8.370949810056743,0.3845473572877829
KS-MO,Broad state-agency match,3,0.5081688869935486,KS,999903201050851,MO,1967,6.0,6.0,0.0,6.0,6.0,0.0,7.0,6.0,1.0,7.0,6.0,1.0,54.0,57.0,-3.0,7200.0,30543.0,-23343.0,8.0,6.0,2.0,576.0,1832.58,-1256.58,40.5,57.6,-17.1,15.8,17.7,-1.8999999999999986,12.8,12.4,0.40000000000000036,8.772377388913439,8.503086313566014,0.26929107534742514
KS-MO,Broad state-agency match,4,0.7067062538679387,KS,999907301050691,MO,1970,7.0,5.0,2.0,7.0,5.0,2.0,7.0,5.0,2.0,7.0,6.0,1.0,57.0,57.0,0.0,11489.0,31398.0,-19909.0,5.0,6.0,-1.0,574.45,1883.88,-1309.43,37.3,55.8,-18.5,14.6,16.5,-1.9000000000000004,12.8,15.8,-3.0,6.369587876650425,6.241017885994832,0.12856999065559283
KS-MO,Broad state-agency match,5,0.8294246787638928,KS,999907300520101,MO,1441,6.0,5.0,1.0,6.0,5.0,1.0,7.0,5.0,2.0,8.0,7.0,1.0,57.0,57.0,0.0,11589.0,37086.0,-25497.0,5.0,6.0,-1.0,579.45,2225.16,-1645.7099999999998,40.4,54.6,-14.200000000000003,15.8,16.5,-0.6999999999999993,12.8,15.8,-3.0,3.475674766436023,4.489235928176101,-1.0135611617400784
KS-MO,Broad state-agency match,6,1.5441022049746265,KS,999903201050931,MO,1438,6.0,5.0,1.0,6.0,5.0,1.0,7.0,5.0,2.0,7.0,6.0,1.0,58.0,57.0,1.0,8750.0,25477.0,-16727.0,9.0,6.0,3.0,787.5,1528.62,-741.1199999999999,57.8,39.6,18.199999999999996,23.5,14.9,8.6,25.6,17.5,8.100000000000001,7.317873605269498,8.385137525000172,-1.0672639197306735
KS-MO,Broad state-agency match,7,1.9125438080823205,KS,999907300520621,MO,2908,7.0,6.0,1.0,7.0,6.0,1.0,7.0,6.0,1.0,7.0,8.0,-1.0,40.0,42.0,-2.0,11589.0,8036.0,3553.0,5.0,37.0,-32.0,579.45,2973.32,-2393.87,40.4,37.2,3.1999999999999957,15.8,14.9,0.9000000000000004,12.8,12.8,0.0,3.49034427778832,8.287686623206682,-4.797342345418362
KS-MO,Broad state-agency match,8,2.119661160774648,KS,999903201050941,MO,1969,7.0,5.0,2.0,7.0,5.0,2.0,7.0,5.0,2.0,7.0,7.0,0.0,59.0,57.0,2.0,8750.0,33447.0,-24697.0,9.0,6.0,3.0,787.5,2006.82,-1219.32,43.6,55.8,-12.199999999999996,17.1,16.5,0.6000000000000014,28.0,15.8,12.2,6.117802221553934,6.234428769507206,-0.11662654795327221
KS-MO,Broad state-agency match,9,1.2126197878233942,KS,999943501052041,MO,2796,7.0,6.0,1.0,7.0,7.0,0.0,7.0,7.0,0.0,7.0,6.0,1.0,44.0,41.0,3.0,797.0,102.0,695.0,7.0,10.0,-3.0,55.79,10.2,45.59,116.6,82.0,34.599999999999994,38.1,34.4,3.700000000000003,22.7,17.5,5.199999999999999,6.534356888188352,5.397799294254652,1.1365575939337003
KS-MO,Broad state-agency match,10,1.615308266302556,KS,999900701052611,MO,2847,7.0,5.0,2.0,7.0,7.0,0.0,7.0,6.0,1.0,7.0,5.0,2.0,40.0,41.0,-1.0,5525.0,823.0,4702.0,0.0,3.0,-3.0,0.0,24.69,-24.69,84.5,118.9,-34.400000000000006,41.8,29.6,12.199999999999996,13.6,13.9,-0.3000000000000007,9.633292591538387,7.722332020903142,1.910960570635245
KS-MO,Broad state-agency match,11,2.13424456351315,KS,999943501052051,MO,2797,7.0,7.0,0.0,7.0,7.0,0.0,7.0,7.0,0.0,7.0,7.0,0.0,44.0,41.0,3.0,584.0,205.0,379.0,0.0,10.0,-10.0,0.0,20.5,-20.5,209.7,91.7,117.99999999999999,40.5,37.6,2.8999999999999986,9.1,17.5,-8.4,5.878597144436317,3.836556495346611,2.042040649089706
KS-MO,Broad state-agency match,12,0.15633854062035218,KS,999943501052351,MO,2780,6.0,6.0,0.0,7.0,7.0,0.0,7.0,7.0,0.0,6.0,6.0,0.0,41.0,41.0,0.0,19350.0,11209.0,8141.0,10.0,12.0,-2.0,1935.0,1345.08,589.9200000000001,1000.0,998.2,1.7999999999999545,129.5,129.5,0.0,17.7,17.9,-0.1999999999999993,0.04646269427050481,0.19820559713296376,-0.15174290286245895
KS-MO,Broad state-agency match,13,0.173675566375844,KS,999943501052401,MO,2781,6.0,6.0,0.0,7.0,7.0,0.0,7.0,7.0,0.0,6.0,6.0,0.0,40.0,40.0,0.0,19350.0,11209.0,8141.0,10.0,12.0,-2.0,1935.0,1345.08,589.9200000000001,1002.1,989.4,12.700000000000045,129.5,129.5,0.0,17.7,17.9,-0.1999999999999993,0.025529453457758765,0.19326889377889211,-0.16773944032113336
KS-MO,Broad state-agency match,14,0.5483476780393398,KS,999902401052621,MO,2884,6.0,5.0,1.0,7.0,6.0,1.0,6.0,5.0,1.0,7.0,6.0,1.0,40.0,42.0,-2.0,13487.0,8036.0,5451.0,7.0,37.0,-30.0,944.09,2973.32,-2029.23,83.2,131.7,-48.499999999999986,41.1,43.0,-1.8999999999999986,13.3,12.8,0.5,8.47425781730801,8.476980111360536,-0.0027222940525266637
KS-MO,Broad state-agency match,15,0.6534481233869904,KS,999902401052631,MO,2817,6.0,6.0,0.0,7.0,7.0,0.0,6.0,7.0,-1.0,7.0,6.0,1.0,40.0,44.0,-4.0,13487.0,12498.0,989.0,7.0,13.0,-6.0,944.09,1624.74,-680.65,83.2,90.8,-7.599999999999994,41.1,40.2,0.8999999999999986,14.5,15.6,-1.0999999999999996,8.47425781730801,9.94616373266609,-1.4719059153580805
KS-MO,Broad state-agency match,16,0.6658371990617318,KS,999943501052261,MO,2905,7.0,5.0,2.0,7.0,7.0,0.0,7.0,6.0,1.0,7.0,5.0,2.0,40.0,42.0,-2.0,19800.0,13231.0,6569.0,9.0,12.0,-3.0,1782.0,1587.72,194.27999999999997,56.2,76.2,-20.0,23.2,32.6,-9.400000000000002,17.8,15.7,2.1000000000000014,3.376364671268105,3.0393965424957634,0.3369681287723414
KS-MO,Broad state-agency match,17,1.0464225010998467,KS,999907001052103,MO,2822,7.0,6.0,1.0,7.0,7.0,0.0,7.0,7.0,0.0,8.0,6.0,2.0,44.0,42.0,2.0,28750.0,30967.0,-2217.0,13.0,12.0,1.0,3737.5,3716.04,21.460000000000036,45.3,72.5,-27.200000000000003,24.4,32.6,-8.200000000000003,12.8,12.6,0.20000000000000107,5.506477200031679,3.0473428391323205,2.459134360899358
KS-MO,Broad state-agency match,18,1.058151344597423,KS,999943501052251,MO,2923,7.0,7.0,0.0,7.0,7.0,0.0,7.0,7.0,0.0,7.0,7.0,0.0,40.0,42.0,-2.0,19800.0,14819.0,4981.0,9.0,3.0,6.0,1782.0,444.57,1337.43,58.0,68.3,-10.299999999999997,23.2,34.7,-11.500000000000004,17.8,14.2,3.6000000000000014,3.401048259121482,3.8438117891806978,-0.44276353005921587
KS-MO,Broad state-agency match,19,1.1541924756691337,KS,999943501051981,MO,2825,7.0,5.0,2.0,7.0,5.0,2.0,7.0,5.0,2.0,7.0,6.0,1.0,46.0,49.0,-3.0,37000.0,12309.0,24691.0,9.0,9.0,0.0,3330.0,1107.81,2222.19,115.6,47.2,68.39999999999999,21.9,20.4,1.5,17.6,13.0,4.600000000000001,8.002208292638644,9.591298505287224,-1.5890902126485802
KS-MO,Broad state-agency match,20,1.1606598146964877,KS,999943501052181,MO,2883,7.0,6.0,1.0,7.0,7.0,0.0,7.0,6.0,1.0,7.0,6.0,1.0,41.0,42.0,-1.0,31171.0,28414.0,2757.0,5.0,3.0,2.0,1558.55,852.42,706.13,54.9,116.1,-61.199999999999996,28.3,34.9,-6.599999999999998,23.9,28.3,-4.400000000000002,5.062158238292666,3.2337658694384968,1.828392368854169
KS-MO,Broad state-agency match,21,1.2965985068719117,KS,999943501051991,MO,2894,7.0,6.0,1.0,7.0,7.0,0.0,7.0,7.0,0.0,7.0,6.0,1.0,46.0,46.0,0.0,37000.0,3047.0,33953.0,9.0,10.0,-1.0,3330.0,304.7,3025.3,115.8,90.8,25.0,21.9,27.1,-5.200000000000003,17.6,13.0,4.600000000000001,7.992191491520808,8.830971656846064,-0.8387801653252556
KS-MO,Broad state-agency match,22,1.4981901720464907,KS,999943501052341,MO,2803,6.0,6.0,0.0,7.0,7.0,0.0,7.0,7.0,0.0,6.0,6.0,0.0,40.0,44.0,-4.0,19350.0,5048.0,14302.0,10.0,12.0,-2.0,1935.0,605.76,1329.24,133.5,99.1,34.400000000000006,32.9,38.1,-5.200000000000003,20.3,28.3,-8.0,1.3487306855478771,1.6689225234904326,-0.32019183794255546
KS-MO,Broad state-agency match,23,1.5737529551464757,KS,999943501052001,MO,2818,6.0,5.0,1.0,7.0,5.0,2.0,6.0,6.0,0.0,6.0,6.0,0.0,46.0,49.0,-3.0,34900.0,12309.0,22591.0,9.0,9.0,0.0,3141.0,1107.81,2033.19,49.9,91.7,-41.800000000000004,25.0,39.6,-14.600000000000001,17.6,13.0,4.600000000000001,7.351359810319316,9.957036174307937,-2.6056763639886213
KS-MO,Broad state-agency match,24,1.6530053469597066,KS,999943501052371,MO,2903,6.0,6.0,0.0,7.0,6.0,1.0,7.0,6.0,1.0,6.0,7.0,-1.0,41.0,46.0,-5.0,33630.0,3047.0,30583.0,9.0,10.0,-1.0,3026.7,304.7,2722.0,82.7,162.2,-79.49999999999999,41.3,44.5,-3.200000000000003,17.9,13.0,4.899999999999999,6.314230010061441,8.907747457730295,-2.5935174476688543
KS-MO,Broad state-agency match,25,1.8620544634064504,KS,999943501051961,MO,2882,6.0,5.0,1.0,7.0,6.0,1.0,6.0,5.0,1.0,7.0,6.0,1.0,45.0,48.0,-3.0,37900.0,6437.0,31463.0,8.0,5.0,3.0,3032.0,321.85,2710.15,46.9,118.9,-72.0,24.2,43.3,-19.099999999999998,20.3,27.2,-6.899999999999999,8.706605114266175,8.821473269336769,-0.11486815507059411
KS-MO,Broad state-agency match,26,1.8879617609930184,KS,999907301053211,MO,30754,7.0,6.0,1.0,7.0,7.0,0.0,8.0,7.0,1.0,8.0,6.0,2.0,16.0,21.0,-5.0,10340.0,7259.0,3081.0,6.0,7.0,-1.0,620.4,508.13,112.26999999999998,109.1,67.8,41.3,54.0,34.5,19.5,16.1,13.0,3.1000000000000014,7.603446726895938,3.851377322186066,3.752069404709872
KS-MO,Broad state-agency match,27,1.8920408164525229,KS,999943501052011,MO,2824,5.0,5.0,0.0,5.0,6.0,-1.0,6.0,5.0,1.0,6.0,5.0,1.0,44.0,44.0,0.0,34900.0,588.0,34312.0,9.0,18.0,-9.0,3141.0,105.84,3035.16,49.9,47.2,2.6999999999999957,25.0,20.4,4.600000000000001,17.9,11.8,6.099999999999998,7.3614502557126835,9.594947877445891,-2.233497621733208
KS-MO,Broad state-agency match,28,2.070093120607194,KS,999943501052361,MO,2819,6.0,6.0,0.0,6.0,6.0,0.0,7.0,6.0,1.0,7.0,6.0,1.0,41.0,44.0,-3.0,33630.0,791.0,32839.0,9.0,18.0,-9.0,3026.7,142.38,2884.3199999999997,80.4,89.6,-9.199999999999989,40.2,39.6,0.6000000000000014,17.9,12.0,5.899999999999999,6.348601054417357,9.963068006859663,-3.6144669524423056
KS-MO,Broad state-agency match,29,2.6986781908219366,KS,999907001052721,MO,2816,7.0,6.0,1.0,7.0,7.0,0.0,7.0,7.0,0.0,7.0,6.0,1.0,39.0,44.0,-5.0,1413.0,1792.0,-379.0,0.0,11.0,-11.0,0.0,197.12,-197.12,78.9,41.1,37.800000000000004,24.1,13.8,10.3,13.6,14.2,-0.5999999999999996,4.962900278986787,0.6521081021160293,4.310792176870757
KS-MO,Broad state-agency match,30,0.7347680823440406,KS,999943501052281,MO,2909,7.0,6.0,1.0,7.0,7.0,0.0,8.0,6.0,2.0,7.0,6.0,1.0,40.0,44.0,-4.0,19800.0,11209.0,8591.0,9.0,12.0,-3.0,1782.0,1345.08,436.9200000000001,58.0,110.6,-52.599999999999994,19.1,22.4,-3.299999999999997,17.8,17.9,-0.09999999999999787,2.118190778698513,0.500772126367135,1.617418652331378
KS-MO,Broad state-agency match,31,0.7431681999533489,KS,999943501052271,MO,2815,6.0,6.0,0.0,6.0,7.0,-1.0,8.0,7.0,1.0,7.0,6.0,1.0,40.0,44.0,-4.0,19800.0,11209.0,8591.0,9.0,12.0,-3.0,1782.0,1345.08,436.9200000000001,58.0,110.6,-52.599999999999994,19.1,22.4,-3.299999999999997,17.8,17.9,-0.09999999999999787,2.1266257867423732,0.4821946218355521,1.644431164906821
KS-MO,Broad state-agency match,32,2.5094798019058495,KS,999903500460371,MO,3806,7.0,5.0,2.0,7.0,5.0,2.0,7.0,5.0,2.0,7.0,5.0,2.0,67.0,70.0,-3.0,67500.0,20786.0,46714.0,10.0,5.0,5.0,6750.0,1039.3,5710.7,52.0,17.1,34.9,19.8,17.1,2.6999999999999993,20.7,8.8,11.899999999999999,4.202709003984749,0.8812518998042982,3.3214571041804506
KS-MO,Broad state-agency match,33,3.1615540129655098,KS,999903500460381,MO,3805,7.0,5.0,2.0,7.0,5.0,2.0,7.0,5.0,2.0,7.0,6.0,1.0,67.0,70.0,-3.0,67500.0,20786.0,46714.0,10.0,5.0,5.0,6750.0,1039.3,5710.7,52.0,18.6,33.4,19.8,18.6,1.1999999999999993,23.7,7.3,16.4,4.202709003984749,0.8785171190860774,3.3241918848986716
KS-MO,Broad state-agency match,34,2.2825471968394804,KS,999963501050551,MO,917,7.0,5.0,2.0,7.0,5.0,2.0,7.0,5.0,2.0,7.0,6.0,1.0,57.0,60.0,-3.0,0.0,5061.0,-5061.0,1.0,5.0,-4.0,0.0,253.05,-253.05,61.7,123.1,-61.39999999999999,17.7,24.6,-6.900000000000002,12.9,10.5,2.4000000000000004,1.7612392277434752,0.8117220005411423,0.9495172272023329
KS-MO,Broad state-agency match,35,2.326693018617038,KS,999963501050371,MO,1406,7.0,5.0,2.0,7.0,5.0,2.0,7.0,5.0,2.0,7.0,7.0,0.0,54.0,57.0,-3.0,621.0,5430.0,-4809.0,0.0,5.0,-5.0,0.0,271.5,-271.5,79.1,76.2,2.8999999999999915,25.9,22.6,3.299999999999997,12.9,11.7,1.200000000000001,3.884871074458999,5.899421302412079,-2.01455022795308
KS-MO,Broad state-agency match,36,2.469404673602987,KS,999907001050271,MO,6609,5.0,5.0,0.0,5.0,5.0,0.0,6.0,5.0,1.0,5.0,5.0,0.0,66.0,67.0,-1.0,2595.0,1430.0,1165.0,0.0,5.0,-5.0,0.0,71.5,-71.5,234.7,80.5,154.2,19.5,25.0,-5.5,26.1,17.2,8.900000000000002,0.758411263715968,1.8535232919512077,-1.0951120282352398
KS-MO,Broad state-agency match,37,0.593342327209813,KS,999963501050561,MO,1400,7.0,6.0,1.0,7.0,6.0,1.0,7.0,6.0,1.0,8.0,6.0,2.0,55.0,58.0,-3.0,24937.0,42769.0,-17832.0,12.0,18.0,-6.0,2992.44,7698.42,-4705.98,68.1,49.4,18.699999999999996,27.4,22.4,5.0,16.9,16.8,0.09999999999999787,1.3823161503493098,0.5101925489099051,0.8721236014394047
KS-MO,Broad state-agency match,38,0.6700367916894787,KS,999963501050571,MO,1402,6.0,5.0,1.0,6.0,5.0,1.0,7.0,5.0,2.0,7.0,6.0,1.0,55.0,59.0,-4.0,24937.0,42787.0,-17850.0,12.0,18.0,-6.0,2992.44,7701.66,-4709.219999999999,68.1,47.5,20.599999999999994,27.4,20.8,6.599999999999998,16.9,15.5,1.3999999999999986,1.3823161503493098,0.6748858968872092,0.7074302534621005
KS-MO,Broad state-agency match,39,2.030478512729319,KS,999903501050021,MO,767,6.0,5.0,1.0,7.0,5.0,2.0,6.0,5.0,1.0,6.0,6.0,0.0,66.0,65.0,1.0,9548.0,2716.0,6832.0,0.0,5.0,-5.0,0.0,135.8,-135.8,68.4,59.4,9.000000000000007,19.8,18.9,0.9000000000000021,8.9,10.8,-1.9000000000000004,2.596769930907284,4.195459398379813,-1.5986894674725294
KS-MO,Broad state-agency match,40,0.7884451768225123,KS,999963501050351,MO,1374,6.0,6.0,0.0,6.0,6.0,0.0,6.0,6.0,0.0,7.0,7.0,0.0,54.0,57.0,-3.0,34697.0,42076.0,-7379.0,9.0,15.0,-6.0,3122.73,6311.4,-3188.6699999999996,49.5,49.1,0.3999999999999986,19.5,21.9,-2.3999999999999986,19.6,16.1,3.5,3.8272758917041783,4.860289043755463,-1.0330131520512849
KS-MO,Broad state-agency match,41,1.090410689179551,KS,999963501050341,MO,1375,6.0,6.0,0.0,6.0,6.0,0.0,6.0,6.0,0.0,7.0,7.0,0.0,54.0,57.0,-3.0,34697.0,39577.0,-4880.0,9.0,19.0,-10.0,3122.73,7519.63,-4396.9,49.5,49.1,0.3999999999999986,19.5,21.9,-2.3999999999999986,21.6,16.1,5.5,3.8420691674763763,4.8757808956498705,-1.0337117281734942
KS-MO,Broad state-agency match,42,1.145146899569397,KS,999906900461191,MO,257,5.0,6.0,-1.0,6.0,6.0,0.0,5.0,6.0,-1.0,5.0,7.0,-2.0,70.0,67.0,3.0,19780.0,50292.0,-30512.0,3.0,18.0,-15.0,593.4,9052.56,-8459.16,42.6,43.9,-1.2999999999999972,16.8,19.5,-2.6999999999999993,18.4,20.4,-2.0,3.189991060945753,2.7154552295174863,0.4745358314282666
KS-MO,Broad state-agency match,43,1.403360610289588,KS,999963501053071,MO,29083,7.0,6.0,1.0,7.0,6.0,1.0,7.0,6.0,1.0,7.0,8.0,-1.0,21.0,23.0,-2.0,29740.0,37145.0,-7405.0,10.0,12.0,-2.0,2974.0,4457.4,-1483.3999999999996,50.0,44.0,6.0,19.2,17.1,2.099999999999998,20.9,24.7,-3.8000000000000007,2.422033508174014,5.683768113799352,-3.261734605625338
KS-MO,Broad state-agency match,44,1.4302223306534358,KS,999963501053081,MO,29081,7.0,7.0,0.0,7.0,7.0,0.0,7.0,7.0,0.0,7.0,8.0,-1.0,21.0,23.0,-2.0,29740.0,45096.0,-15356.0,10.0,12.0,-2.0,2974.0,5411.52,-2437.5200000000004,50.0,44.0,6.0,19.2,17.1,2.099999999999998,20.9,24.8,-3.900000000000002,2.4151078321717785,5.703168365431519,-3.28806053325974
KS-MO,Broad state-agency match,45,3.221838007538529,KS,999963501050501,MO,2106,6.0,5.0,1.0,7.0,5.0,2.0,6.0,5.0,1.0,7.0,7.0,0.0,57.0,53.0,4.0,29740.0,24533.0,5207.0,10.0,14.0,-4.0,2974.0,3434.62,-460.6199999999999,36.1,43.0,-6.899999999999999,14.0,16.5,-2.5,38.8,20.4,18.4,2.744371862370309,0.9824376511034324,1.7619342112668765
KS-MO,Broad state-agency match,46,0.5353947911166169,KS,999916901050741,MO,6505,5.0,6.0,-1.0,7.0,6.0,1.0,7.0,7.0,0.0,5.0,6.0,-1.0,67.0,72.0,-5.0,5345.0,4404.0,941.0,4.0,7.0,-3.0,213.8,308.28,-94.47999999999996,79.5,87.5,-8.0,40.2,43.9,-3.6999999999999957,19.4,18.6,0.7999999999999972,0.9914790505922978,2.0041082092421805,-1.0126291586498826
KS-MO,Broad state-agency match,47,1.5377380395062274,KS,999963501053111,MO,31550,7.0,6.0,1.0,7.0,7.0,0.0,8.0,9.0,-1.0,8.0,6.0,2.0,20.0,19.0,1.0,5738.0,793.0,4945.0,0.0,5.0,-5.0,0.0,39.65,-39.65,47.3,46.5,0.7999999999999972,23.3,26.0,-2.6999999999999993,20.8,18.1,2.6999999999999993,2.204880582133364,1.5756274108593418,0.6292531712740221
KS-MO,Broad state-agency match,48,1.7601512426294788,KS,999903500463251,MO,4141,6.0,7.0,-1.0,7.0,7.0,0.0,6.0,8.0,-2.0,7.0,8.0,-1.0,27.0,30.0,-3.0,0.0,746.0,-746.0,1.0,5.0,-4.0,0.0,37.3,-37.3,146.9,73.8,73.10000000000001,46.0,41.4,4.600000000000001,20.6,16.9,3.700000000000003,4.187949635973177,2.425787643012795,1.7621619929603818
KS-MO,Broad state-agency match,49,1.9444699761291708,KS,999907001052501,MO,3962,6.0,6.0,0.0,7.0,7.0,0.0,6.0,7.0,-1.0,7.0,6.0,1.0,35.0,32.0,3.0,0.0,1748.0,-1748.0,1.0,5.0,-4.0,0.0,87.4,-87.4,78.4,68.0,10.400000000000006,32.5,31.2,1.3000000000000007,9.9,13.3,-3.4000000000000004,1.242059869526235,2.890904386421942,-1.6488445168957069
KS-MO,Broad state-agency match,50,2.0926051575087934,KS,999906901051311,MO,6488,6.0,6.0,0.0,7.0,6.0,1.0,7.0,7.0,0.0,6.0,6.0,0.0,66.0,67.0,-1.0,6111.0,3837.0,2274.0,0.0,3.0,-3.0,0.0,115.11,-115.11,53.3,79.2,-25.900000000000006,25.0,21.6,3.3999999999999986,11.0,10.1,0.9000000000000004,2.0974654882477037,4.604004556608543,-2.5065390683608393
KS-MO,Broad state-agency match,51,2.287357346307011,KS,999963501053041,MO,31538,7.0,7.0,0.0,7.0,7.0,0.0,8.0,9.0,-1.0,8.0,7.0,1.0,21.0,19.0,2.0,5738.0,6435.0,-697.0,0.0,5.0,-5.0,0.0,321.75,-321.75,47.3,51.2,-3.9000000000000057,23.3,28.3,-5.0,22.9,24.1,-1.2000000000000028,2.204880582133364,1.5134451206186643,0.6914354615146996
KS-MO,Broad state-agency match,52,2.3346202532499194,KS,999963501053101,MO,29151,7.0,7.0,0.0,7.0,7.0,0.0,7.0,9.0,-2.0,8.0,8.0,0.0,21.0,24.0,-3.0,0.0,2075.0,-2075.0,1.0,2.0,-1.0,0.0,41.5,-41.5,53.4,93.2,-39.800000000000004,26.3,31.0,-4.699999999999999,13.4,15.3,-1.9000000000000004,1.0323115463264003,5.7107684171468,-4.6784568708203995
KS-MO,Broad state-agency match,53,2.3911017611779917,KS,999907001050211,MO,6409,6.0,6.0,0.0,7.0,8.0,-1.0,7.0,7.0,0.0,6.0,6.0,0.0,68.0,71.0,-3.0,5222.0,4998.0,224.0,0.0,5.0,-5.0,0.0,249.9,-249.9,44.0,79.6,-35.599999999999994,22.7,21.3,1.3999999999999986,18.4,17.8,0.5999999999999979,1.4936667393699532,4.2024263298256965,-2.7087595904557435
KS-MO,Broad state-agency match,54,2.563886566650674,KS,999963501050321,MO,2457,7.0,6.0,1.0,8.0,7.0,1.0,7.0,6.0,1.0,7.0,6.0,1.0,54.0,53.0,1.0,3711.0,3438.0,273.0,0.0,5.0,-5.0,0.0,171.9,-171.9,82.1,90.8,-8.700000000000003,27.7,27.5,0.1999999999999993,21.4,13.4,7.999999999999998,3.8270111224145817,6.047899719836609,-2.2208885974220274
KS-MO,Broad state-agency match,55,2.984794921234151,KS,999954001051781,MO,6489,6.0,6.0,0.0,7.0,6.0,1.0,6.0,7.0,-1.0,7.0,6.0,1.0,63.0,67.0,-4.0,2691.0,8712.0,-6021.0,0.0,4.0,-4.0,0.0,348.48,-348.48,221.8,83.5,138.3,38.1,23.7,14.400000000000002,10.0,10.1,-0.09999999999999964,0.4292458068643402,4.596424055437991,-4.16717824857365
KS-MO,Broad state-agency match,56,3.008114903086346,KS,999907001051741,MO,6410,4.0,4.0,0.0,4.0,5.0,-1.0,5.0,5.0,0.0,6.0,4.0,2.0,66.0,71.0,-5.0,5455.0,1934.0,3521.0,0.0,5.0,-5.0,0.0,96.7,-96.7,439.6,123.7,315.90000000000003,41.9,36.6,5.299999999999997,8.4,9.9,-1.5,0.316704106448774,4.538737318581829,-4.222033212133055
KS-MO,Broad state-agency match,57,0.21941039154232572,KS,999900501051871,MO,1300,5.0,6.0,-1.0,5.0,7.0,-2.0,7.0,7.0,0.0,7.0,6.0,1.0,48.0,50.0,-2.0,3463.0,19270.0,-15807.0,14.0,3.0,11.0,484.82,578.1,-93.28000000000003,51.4,61.3,-9.899999999999999,23.5,23.8,-0.3000000000000007,12.8,12.4,0.40000000000000036,0.6909481283007154,0.26125104223953627,0.4296970860611791
KS-MO,Broad state-agency match,58,0.4786178300982086,KS,999903501050161,MO,2104,7.0,6.0,1.0,8.0,8.0,0.0,7.0,8.0,-1.0,7.0,6.0,1.0,55.0,53.0,2.0,43150.0,32104.0,11046.0,13.0,13.0,0.0,5609.5,4173.52,1435.9799999999996,116.6,92.4,24.19999999999999,32.1,25.9,6.200000000000003,21.7,20.4,1.3000000000000007,0.5416326466319229,0.9105272963098542,-0.3688946496779313
KS-MO,Broad state-agency match,59,0.49176151825031117,KS,999903501050051,MO,6441,7.0,6.0,1.0,7.0,6.0,1.0,7.0,7.0,0.0,8.0,6.0,2.0,66.0,68.0,-2.0,52500.0,58966.0,-6466.0,10.0,6.0,4.0,5250.0,3537.96,1712.04,47.6,55.5,-7.899999999999999,18.6,15.8,2.8000000000000007,16.9,14.4,2.4999999999999982,1.7849459182219702,1.8200203167662197,-0.03507439854424943
KS-MO,Broad state-agency match,60,0.4944228229535596,KS,999963501051661,MO,1493,5.0,5.0,0.0,6.0,6.0,0.0,6.0,6.0,0.0,5.0,5.0,0.0,49.0,49.0,0.0,22024.0,56619.0,-34595.0,13.0,18.0,-5.0,2863.12,10191.42,-7328.3,491.9,491.9,0.0,129.5,129.5,0.0,24.4,24.4,0.0,0.034926817173607405,0.13261647001365567,-0.09768965284004827
KS-MO,Broad state-agency match,61,0.5505040628814067,KS,999900501051861,MO,1298,5.0,5.0,0.0,5.0,5.0,0.0,7.0,6.0,1.0,7.0,7.0,0.0,48.0,50.0,-2.0,3463.0,21563.0,-18100.0,14.0,5.0,9.0,484.82,1078.15,-593.3300000000002,51.4,66.8,-15.399999999999999,23.5,26.8,-3.3000000000000007,12.8,10.6,2.200000000000001,0.7102727197820562,0.38469764639000953,0.32557507339204667
KS-MO,Broad state-agency match,62,0.6144593138906832,KS,999903501050031,MO,6457,7.0,6.0,1.0,7.0,6.0,1.0,8.0,7.0,1.0,7.0,7.0,0.0,66.0,68.0,-2.0,52500.0,58966.0,-6466.0,10.0,6.0,4.0,5250.0,3537.96,1712.04,71.7,74.7,-3.0,19.8,20.7,-0.8999999999999986,17.6,14.4,3.200000000000001,2.1983353836460036,1.6459899422828377,0.5523454413631659
KS-MO,Broad state-agency match,63,0.6780750064379687,KS,999906901051631,MO,6440,7.0,6.0,1.0,7.0,6.0,1.0,8.0,7.0,1.0,7.0,6.0,1.0,66.0,68.0,-2.0,12588.0,43317.0,-30729.0,5.0,6.0,-1.0,629.4,2599.02,-1969.62,51.8,55.5,-3.700000000000003,19.5,15.8,3.6999999999999993,14.2,12.4,1.799999999999999,2.0954940812158633,1.8300329859940518,0.2654610952218115
KS-MO,Broad state-agency match,64,0.735715991923749,KS,999906901052821,MO,3378,7.0,6.0,1.0,7.0,7.0,0.0,7.0,7.0,0.0,7.0,6.0,1.0,35.0,40.0,-5.0,12588.0,3736.0,8852.0,5.0,18.0,-13.0,629.4,672.48,-43.08000000000004,51.8,104.9,-53.10000000000001,19.5,24.8,-5.300000000000001,10.5,7.5,3.0,2.095605185654083,1.5459522064020275,0.5496529792520557
KS-MO,Broad state-agency match,65,0.7684286008222677,KS,999903501050141,MO,1716,7.0,5.0,2.0,7.0,5.0,2.0,8.0,6.0,2.0,7.0,6.0,1.0,61.0,56.0,5.0,43150.0,11826.0,31324.0,13.0,15.0,-2.0,5609.5,1773.9,3835.6,70.1,95.7,-25.60000000000001,29.0,36.9,-7.899999999999999,16.8,14.8,2.0,0.6336877027699668,0.5826111971493386,0.051076505620628154
KS-MO,Broad state-agency match,66,0.7741865119016984,KS,999963501050381,MO,1377,7.0,6.0,1.0,7.0,6.0,1.0,7.0,7.0,0.0,7.0,7.0,0.0,54.0,57.0,-3.0,34237.0,42076.0,-7839.0,8.0,15.0,-7.0,2738.96,6311.4,-3572.4399999999996,53.6,55.8,-2.1999999999999957,23.8,21.3,2.5,18.4,16.1,2.299999999999997,3.9002187439350275,5.357239808694625,-1.4570210647595974
KS-MO,Broad state-agency match,67,0.7898123336405763,KS,999907001050291,MO,6456,6.0,4.0,2.0,7.0,6.0,1.0,6.0,6.0,0.0,7.0,4.0,3.0,66.0,68.0,-2.0,12850.0,57469.0,-44619.0,41.0,6.0,35.0,5268.5,3448.14,1820.3600000000001,135.7,89.9,45.79999999999998,22.9,22.9,0.0,9.9,12.9,-3.0,0.4558133514499701,1.809603614486258,-1.353790263036288
KS-MO,Broad state-agency match,68,0.8137949176427525,KS,999963501050391,MO,1378,6.0,5.0,1.0,7.0,5.0,2.0,7.0,7.0,0.0,6.0,6.0,0.0,54.0,57.0,-3.0,34237.0,39577.0,-5340.0,8.0,19.0,-11.0,2738.96,7519.63,-4780.67,53.6,55.8,-2.1999999999999957,23.8,21.3,2.5,18.4,16.1,2.299999999999997,3.885425481174147,5.376547958134559,-1.491122476960412
KS-MO,Broad state-agency match,69,0.8334132521361558,KS,999903501050171,MO,1715,7.0,5.0,2.0,7.0,5.0,2.0,8.0,6.0,2.0,7.0,5.0,2.0,55.0,56.0,-1.0,43150.0,11326.0,31824.0,13.0,12.0,1.0,5609.5,1359.12,4250.38,115.6,95.7,19.89999999999999,31.9,36.9,-5.0,18.0,14.8,3.1999999999999993,0.5267290252268737,0.5628606811894941,-0.03613165596262036
KS-MO,Broad state-agency match,70,0.8536214150536595,KS,999963500460731,MO,6631,7.0,5.0,2.0,7.0,5.0,2.0,7.0,7.0,0.0,7.0,7.0,0.0,70.0,65.0,5.0,34934.0,47299.0,-12365.0,9.0,18.0,-9.0,3144.06,8513.82,-5369.76,57.8,70.1,-12.299999999999997,22.6,29.9,-7.299999999999997,19.1,19.4,-0.29999999999999716,3.5574741592814836,5.127096921842315,-1.5696227625608317
KS-MO,Broad state-agency match,71,0.8861716336064414,KS,999903501053151,MO,31342,6.0,6.0,0.0,6.0,6.0,0.0,8.0,8.0,0.0,8.0,8.0,0.0,18.0,19.0,-1.0,43150.0,26309.0,16841.0,13.0,18.0,-5.0,5609.5,4735.62,873.8800000000001,56.6,73.6,-16.999999999999993,16.0,19.7,-3.6999999999999993,17.9,13.0,4.899999999999999,0.038416813862684814,0.4695554474432423,-0.4311386335805575
KS-MO,Broad state-agency match,72,0.8938348168557763,KS,999903501053161,MO,31343,7.0,6.0,1.0,7.0,6.0,1.0,8.0,8.0,0.0,8.0,8.0,0.0,18.0,19.0,-1.0,43150.0,29921.0,13229.0,13.0,13.0,0.0,5609.5,3889.73,1719.77,56.6,73.6,-16.999999999999993,16.0,19.7,-3.6999999999999993,17.9,13.0,4.899999999999999,0.038416813862684814,0.45062441769732753,-0.4122076038346427
KS-MO,Broad state-agency match,73,0.9103048146212991,KS,999903501050151,MO,2100,7.0,6.0,1.0,7.0,6.0,1.0,8.0,7.0,1.0,7.0,7.0,0.0,61.0,56.0,5.0,43150.0,32104.0,11046.0,13.0,13.0,0.0,5609.5,4173.52,1435.9799999999996,70.7,66.1,4.6000000000000085,29.0,19.8,9.2,19.9,24.0,-4.100000000000001,0.6197323604641328,0.7481822484760878,-0.128449888011955
KS-MO,Broad state-agency match,74,0.9332006658891537,KS,999907001050241,MO,6680,7.0,5.0,2.0,7.0,7.0,0.0,7.0,7.0,0.0,7.0,5.0,2.0,68.0,72.0,-4.0,15750.0,54153.0,-38403.0,33.0,7.0,26.0,5197.5,3790.71,1406.79,83.5,75.0,8.5,31.8,21.3,10.5,18.1,22.0,-3.8999999999999986,0.9921642926674943,1.448949647348068,-0.4567853546805738
KS-MO,Broad state-agency match,75,0.9625190295499525,KS,999963500460721,MO,1446,7.0,5.0,2.0,7.0,7.0,0.0,7.0,5.0,2.0,7.0,5.0,2.0,54.0,57.0,-3.0,34934.0,47413.0,-12479.0,9.0,12.0,-3.0,3144.06,5689.56,-2545.5000000000005,52.8,54.6,-1.8000000000000043,20.7,16.5,4.199999999999999,19.1,18.3,0.8000000000000007,3.6167561539208672,5.967486557758155,-2.350730403837288
KS-MO,Broad state-agency match,76,0.995687692108261,KS,999906901051383,MO,6458,7.0,6.0,1.0,7.0,6.0,1.0,7.0,7.0,0.0,7.0,6.0,1.0,66.0,68.0,-2.0,14785.0,50873.0,-36088.0,5.0,6.0,-1.0,739.25,3052.38,-2313.13,62.5,86.0,-23.5,23.8,24.4,-0.5999999999999979,17.8,13.2,4.600000000000001,2.227529868105729,1.675967100423847,0.5515627676818822
KS-MO,Broad state-agency match,77,1.0097819737510338,KS,999963501050491,MO,2105,7.0,7.0,0.0,7.0,8.0,-1.0,7.0,7.0,0.0,7.0,7.0,0.0,57.0,53.0,4.0,29740.0,24505.0,5235.0,10.0,18.0,-8.0,2974.0,4410.9,-1436.8999999999996,70.7,40.2,30.5,28.0,18.0,10.0,20.9,20.4,0.5,3.0394518681363,0.9568716165692472,2.0825802515670526
KS-MO,Broad state-agency match,78,1.0120790200468734,KS,999905600463281,MO,11990,7.0,7.0,0.0,7.0,7.0,0.0,8.0,8.0,0.0,8.0,7.0,1.0,25.0,26.0,-1.0,12588.0,36312.0,-23724.0,4.0,6.0,-2.0,503.52,2178.72,-1675.1999999999998,75.8,50.3,25.5,22.3,22.9,-0.5999999999999979,15.9,20.7,-4.799999999999999,1.695198301480794,1.8785545404154136,-0.1833562389346195
KS-MO,Broad state-agency match,79,1.0153332420315162,KS,999963501051831,MO,2108,7.0,6.0,1.0,8.0,7.0,1.0,8.0,8.0,0.0,7.0,6.0,1.0,51.0,53.0,-2.0,22024.0,7653.0,14371.0,13.0,12.0,1.0,2863.12,918.36,1944.7599999999998,116.4,74.4,42.0,49.7,34.1,15.600000000000001,13.0,12.4,0.5999999999999996,0.6268191650896869,0.4544785051637838,0.17234065992590314
KS-MO,Broad state-agency match,80,1.0527294405041694,KS,999905600463301,MO,11989,7.0,8.0,-1.0,7.0,8.0,-1.0,7.0,8.0,-1.0,8.0,8.0,0.0,25.0,26.0,-1.0,12588.0,42314.0,-29726.0,4.0,6.0,-2.0,503.52,2538.84,-2035.3200000000002,59.3,50.3,9.0,20.0,22.9,-2.8999999999999986,15.9,20.7,-4.799999999999999,1.6219564324963582,1.8966134112440345,-0.27465697874767625
KS-MO,Broad state-agency match,81,1.064397174621143,KS,999903201052941,MO,11808,7.0,7.0,0.0,7.0,7.0,0.0,8.0,9.0,-1.0,8.0,8.0,0.0,23.0,26.0,-3.0,7849.0,8345.0,-496.0,10.0,5.0,5.0,784.9,417.25,367.65,46.5,60.7,-14.200000000000003,20.1,22.9,-2.799999999999997,19.8,13.9,5.9,5.216128862761178,5.4050356301697615,-0.18890676740858314
KS-MO,Broad state-agency match,82,1.1144364442714385,KS,999906901052831,MO,3334,7.0,5.0,2.0,7.0,7.0,0.0,7.0,8.0,-1.0,7.0,5.0,2.0,39.0,38.0,1.0,12588.0,9691.0,2897.0,5.0,4.0,1.0,629.4,387.64,241.76,75.6,130.5,-54.900000000000006,24.1,36.9,-12.799999999999997,14.5,10.1,4.4,2.0655195769346224,1.5683164855254719,0.49720309140915053
KS-MO,Broad state-agency match,83,1.1442343275540172,KS,999906901052781,MO,3386,6.0,6.0,0.0,7.0,6.0,1.0,6.0,7.0,-1.0,7.0,7.0,0.0,39.0,38.0,1.0,12588.0,9469.0,3119.0,5.0,4.0,1.0,629.4,378.76,250.64,75.6,118.6,-43.0,24.1,38.1,-14.0,14.5,10.1,4.4,2.0801918095634986,1.5773813526580205,0.5028104569054781
KS-MO,Broad state-agency match,84,1.1522608855316046,KS,999963501050481,MO,2101,7.0,5.0,2.0,7.0,5.0,2.0,7.0,7.0,0.0,7.0,7.0,0.0,57.0,53.0,4.0,29740.0,27890.0,1850.0,10.0,18.0,-8.0,2974.0,5020.2,-2046.1999999999998,70.7,64.0,6.700000000000003,28.0,19.2,8.8,20.9,24.0,-3.1000000000000014,3.0461063949596543,0.7758982896860657,2.2702081052735887
KS-MO,Broad state-agency match,85,1.1737018521060698,KS,999905600463291,MO,4040,7.0,6.0,1.0,7.0,6.0,1.0,8.0,8.0,0.0,8.0,6.0,2.0,25.0,28.0,-3.0,12588.0,12010.0,578.0,4.0,10.0,-6.0,503.52,1201.0,-697.48,75.8,169.8,-94.00000000000001,22.3,38.7,-16.400000000000002,12.9,11.7,1.200000000000001,1.7100032665641778,2.488275471962018,-0.7782722053978404
KS-MO,Broad state-agency match,86,1.216566100712302,KS,999903201052951,MO,11999,7.0,7.0,0.0,7.0,7.0,0.0,8.0,8.0,0.0,8.0,7.0,1.0,23.0,26.0,-3.0,7849.0,36312.0,-28463.0,10.0,6.0,4.0,784.9,2178.72,-1393.8199999999997,46.5,58.8,-12.299999999999997,20.1,27.1,-7.0,19.8,20.5,-0.6999999999999993,5.216128862761178,2.3835773035925585,2.83255155916862
KS-MO,Broad state-agency match,87,1.2531515469450274,KS,999903501050041,MO,6630,7.0,5.0,2.0,7.0,5.0,2.0,7.0,7.0,0.0,8.0,6.0,2.0,66.0,65.0,1.0,52500.0,50468.0,2032.0,10.0,18.0,-8.0,5250.0,9084.24,-3834.24,71.7,70.1,1.6000000000000085,19.8,29.9,-10.099999999999998,19.9,19.4,0.5,2.1983353836460036,5.114661525168627,-2.916326141522623
KS-MO,Broad state-agency match,88,1.3023966153027897,KS,999903501050061,MO,6411,7.0,6.0,1.0,7.0,6.0,1.0,8.0,6.0,2.0,8.0,6.0,2.0,66.0,70.0,-4.0,52500.0,49521.0,2979.0,10.0,12.0,-2.0,5250.0,5942.52,-692.5200000000004,47.3,100.6,-53.3,18.5,25.9,-7.399999999999999,19.9,13.0,6.899999999999999,1.7848162792629543,2.002359243273975,-0.2175429640110207
KS-MO,Broad state-agency match,89,1.3316472370477668,KS,999903201052921,MO,29156,7.0,6.0,1.0,7.0,6.0,1.0,8.0,8.0,0.0,8.0,7.0,1.0,23.0,24.0,-1.0,7849.0,28665.0,-20816.0,10.0,5.0,5.0,784.9,1433.25,-648.35,418.4,195.7,222.7,70.1,76.2,-6.1000000000000085,12.2,12.4,-0.20000000000000107,5.213321064450908,5.675826743899827,-0.4625056794489186
KS-MO,Broad state-agency match,90,1.3581179684971103,KS,999907001051771,MO,923,6.0,4.0,2.0,7.0,6.0,1.0,6.0,4.0,2.0,7.0,5.0,2.0,63.0,58.0,5.0,12850.0,5041.0,7809.0,41.0,18.0,23.0,5268.5,907.38,4361.12,188.6,345.0,-156.4,41.1,49.5,-8.399999999999999,10.9,7.6,3.3000000000000007,0.46362913841698955,0.7046753307816306,-0.24104619236464103
KS-MO,Broad state-agency match,91,1.3928864730679529,KS,999916901051811,MO,3801,7.0,6.0,1.0,7.0,6.0,1.0,7.0,7.0,0.0,7.0,7.0,0.0,54.0,50.0,4.0,15535.0,19270.0,-3735.0,10.0,3.0,7.0,1553.5,578.1,975.4,372.9,321.6,51.299999999999955,37.9,45.6,-7.700000000000003,17.2,10.1,7.1,0.48227315787691466,0.139057960305304,0.3432151975716107
KS-MO,Broad state-agency match,92,1.4012174546771323,KS,999903201052771,MO,2687,6.0,6.0,0.0,6.0,7.0,-1.0,6.0,6.0,0.0,7.0,6.0,1.0,37.0,38.0,-1.0,9780.0,21727.0,-11947.0,13.0,18.0,-5.0,1271.4,3910.86,-2639.46,853.4,973.8,-120.39999999999998,91.4,79.2,12.200000000000003,18.5,18.0,0.5,2.735876976165254,0.2909362860582383,2.444940690107016
KS-MO,Broad state-agency match,93,1.4024461544713847,KS,999903501050101,MO,1299,6.0,6.0,0.0,7.0,6.0,1.0,6.0,6.0,0.0,6.0,6.0,0.0,61.0,60.0,1.0,42500.0,17259.0,25241.0,11.0,3.0,8.0,4675.0,517.77,4157.23,196.6,66.8,129.8,23.3,26.8,-3.5,16.9,12.4,4.499999999999998,1.1033846701891625,0.3841409269365686,0.719243743252594
KS-MO,Broad state-agency match,94,1.4071832507471806,KS,999903501050091,MO,266,5.0,5.0,0.0,7.0,5.0,2.0,7.0,5.0,2.0,5.0,6.0,-1.0,61.0,66.0,-5.0,42500.0,50292.0,-7792.0,11.0,18.0,-7.0,4675.0,9052.56,-4377.5599999999995,201.5,92.4,109.1,25.1,38.0,-12.899999999999999,16.9,14.1,2.799999999999999,1.1181822388064677,3.398868780305704,-2.280686541499236
KS-MO,Broad state-agency match,95,1.4345915605734738,KS,999905600463311,MO,12086,7.0,7.0,0.0,7.0,7.0,0.0,8.0,7.0,1.0,8.0,8.0,0.0,24.0,26.0,-2.0,12588.0,11062.0,1526.0,4.0,18.0,-14.0,503.52,1991.16,-1487.64,59.3,80.8,-21.5,20.0,37.8,-17.799999999999997,12.9,7.8,5.1000000000000005,1.6370137490458971,1.8408543771776176,-0.20384062813172044
KS-MO,Broad state-agency match,96,1.5505219135535975,KS,999906901051403,MO,1094,7.0,7.0,0.0,7.0,7.0,0.0,7.0,7.0,0.0,7.0,7.0,0.0,66.0,61.0,5.0,14785.0,45096.0,-30311.0,5.0,12.0,-7.0,739.25,5411.52,-4672.27,43.9,73.5,-29.6,19.5,20.7,-1.1999999999999993,23.5,22.9,0.6000000000000014,2.2323385280853247,5.711327560076477,-3.478989031991152
KS-MO,Broad state-agency match,97,1.5812763240281924,KS,999906901051301,MO,267,4.0,4.0,0.0,7.0,5.0,2.0,4.0,4.0,0.0,7.0,5.0,2.0,66.0,66.0,0.0,12588.0,57907.0,-45319.0,5.0,18.0,-13.0,629.4,10423.26,-9793.86,144.2,95.1,49.099999999999994,36.3,39.0,-2.700000000000003,19.9,14.1,5.799999999999999,2.125674971408696,3.409273827586483,-1.283598856177787
KS-MO,Broad state-agency match,98,1.671789690550479,KS,999903201052931,MO,4041,7.0,7.0,0.0,7.0,7.0,0.0,7.0,7.0,0.0,8.0,7.0,1.0,23.0,28.0,-5.0,7849.0,46242.0,-38393.0,10.0,6.0,4.0,784.9,2774.52,-1989.62,418.4,346.9,71.5,70.1,55.8,14.299999999999997,14.1,19.0,-4.9,5.213321064450908,2.552048831106288,2.6612722333446204
KS-MO,Broad state-agency match,99,1.7837154401407371,KS,999903501050081,MO,1093,7.0,7.0,0.0,7.0,7.0,0.0,7.0,7.0,0.0,7.0,7.0,0.0,64.0,61.0,3.0,52500.0,48991.0,3509.0,10.0,12.0,-2.0,5250.0,5878.92,-628.9200000000001,120.5,73.5,47.0,21.9,20.7,1.1999999999999993,19.9,22.9,-3.0,1.2219527367721537,5.69683338204807,-4.474880645275917
KS-MO,Broad state-agency match,100,1.7929668496801603,KS,999903501050071,MO,1301,7.0,6.0,1.0,7.0,6.0,1.0,7.0,6.0,1.0,7.0,6.0,1.0,64.0,60.0,4.0,52500.0,21563.0,30937.0,10.0,5.0,5.0,5250.0,1078.15,4171.85,126.5,61.3,65.2,21.9,23.8,-1.9000000000000021,19.9,10.6,9.299999999999999,1.2218948647521755,0.263830685415958,0.9580641793362175
KS-MO,Broad state-agency match,101,1.7960663835833628,KS,999903500462771,MO,2954,7.0,6.0,1.0,7.0,6.0,1.0,7.0,7.0,0.0,7.0,7.0,0.0,34.0,34.0,0.0,75500.0,19563.0,55937.0,10.0,9.0,1.0,7550.0,1760.67,5789.33,49.5,88.4,-38.900000000000006,21.6,37.9,-16.299999999999997,21.5,15.1,6.4,4.477774532259883,6.915650792128582,-2.4378762598686983
KS-MO,Broad state-agency match,102,1.87574036970428,KS,999907001052841,MO,4039,7.0,6.0,1.0,7.0,6.0,1.0,8.0,8.0,0.0,8.0,8.0,0.0,32.0,28.0,4.0,12850.0,4017.0,8833.0,41.0,5.0,36.0,5268.5,200.85,5067.65,65.1,170.7,-105.6,26.1,42.7,-16.6,14.2,11.7,2.5,0.737784232089201,2.5905396515808876,-1.8527554194916867
KS-MO,Broad state-agency match,103,2.245432841675548,KS,999907001051643,MO,6434,7.0,5.0,2.0,7.0,5.0,2.0,7.0,5.0,2.0,7.0,6.0,1.0,69.0,68.0,1.0,2668.0,4946.0,-2278.0,0.0,5.0,-5.0,0.0,247.3,-247.3,82.9,183.2,-100.29999999999998,22.9,28.4,-5.5,11.2,10.1,1.0999999999999996,2.2047724564208053,2.043097820327757,0.1616746360930481
KS-MO,Broad state-agency match,104,2.2685762273226615,KS,999906901051323,MO,6432,7.0,6.0,1.0,7.0,7.0,0.0,7.0,7.0,0.0,7.0,6.0,1.0,66.0,68.0,-2.0,14785.0,113704.0,-98919.0,5.0,6.0,-1.0,739.25,6822.24,-6082.99,38.4,59.7,-21.300000000000004,16.5,21.9,-5.399999999999999,30.8,42.9,-12.099999999999998,2.303212667512118,1.9804571976397929,0.32275546987232495
KS-MO,Broad state-agency match,105,2.320136224898615,KS,999903500462781,MO,2955,7.0,6.0,1.0,7.0,6.0,1.0,8.0,7.0,1.0,8.0,7.0,1.0,34.0,34.0,0.0,77000.0,13048.0,63952.0,10.0,4.0,6.0,7700.0,521.92,7178.08,49.5,88.4,-38.900000000000006,21.6,37.9,-16.299999999999997,24.5,15.1,9.4,4.46296993349772,6.903588630880694,-2.440618697382974
KS-MO,Broad state-agency match,106,2.404174729336843,KS,999907001053401,MO,35042,8.0,6.0,2.0,8.0,6.0,2.0,8.0,7.0,1.0,8.0,7.0,1.0,4.0,9.0,-5.0,20421.0,13188.0,7233.0,43.0,12.0,31.0,8781.03,1582.56,7198.470000000001,927.7,656.7,271.0,114.3,128.0,-13.700000000000003,14.1,23.1,-9.000000000000002,0.3486497001100083,0.12194560171489441,0.22670409839511388
KS-MO,Broad state-agency match,107,2.4767256262688995,KS,999906901051343,MO,748,6.0,6.0,0.0,6.0,7.0,-1.0,7.0,6.0,1.0,7.0,6.0,1.0,66.0,61.0,5.0,14785.0,47762.0,-32977.0,5.0,12.0,-7.0,739.25,5731.44,-4992.19,50.6,51.5,-0.8999999999999986,23.8,19.8,4.0,30.2,19.1,11.099999999999998,2.3020851878223434,5.8737643754875375,-3.571679187665194
KS-MO,Broad state-agency match,108,2.7998580668618005,KS,999900501051931,MO,2102,4.0,6.0,-2.0,4.0,7.0,-3.0,4.0,7.0,-3.0,5.0,6.0,-1.0,49.0,53.0,-4.0,2583.0,1613.0,970.0,15.0,11.0,4.0,387.45,177.43,210.01999999999998,196.9,198.4,-1.5,44.5,34.3,10.200000000000003,24.1,8.2,15.900000000000002,0.6997233731144101,0.9446011892488851,-0.244877816134475
KS-MO,Broad state-agency match,109,2.931779024342302,KS,999967001052411,MO,2688,7.0,6.0,1.0,7.0,7.0,0.0,7.0,6.0,1.0,8.0,6.0,2.0,35.0,38.0,-3.0,34400.0,29025.0,5375.0,10.0,18.0,-8.0,3440.0,5224.5,-1784.5,456.7,973.8,-517.0999999999999,80.8,79.2,1.5999999999999943,17.9,18.0,-0.10000000000000142,1.0365340588606082,0.29194981181575946,0.7445842470448487
KS-MO,Broad state-agency match,110,3.0137885295715985,KS,999967001052421,MO,2690,7.0,4.0,3.0,7.0,7.0,0.0,7.0,4.0,3.0,7.0,6.0,1.0,35.0,38.0,-3.0,34400.0,3793.0,30607.0,10.0,19.0,-9.0,3440.0,720.67,2719.33,443.4,88.8,354.59999999999997,50.9,24.8,26.099999999999998,17.9,8.7,9.2,0.9627558740363624,0.010473822300964762,0.9522820517353977
KS-MO,Broad state-agency match,111,3.4065922306751375,KS,999963501050401,MO,922,6.0,4.0,2.0,7.0,6.0,1.0,6.0,4.0,2.0,7.0,5.0,2.0,55.0,58.0,-3.0,35515.0,3578.0,31937.0,7.0,18.0,-11.0,2486.05,644.04,1842.0100000000002,1052.7,570.0,482.70000000000005,40.5,49.5,-9.0,16.3,7.6,8.700000000000001,3.904484878244754,0.6689262909783403,3.2355585872664134
KS-MO,Broad state-agency match,112,3.445483682215617,KS,999916901052871,MO,4042,7.0,7.0,0.0,7.0,7.0,0.0,7.0,7.0,0.0,7.0,7.0,0.0,32.0,28.0,4.0,12466.0,45258.0,-32792.0,6.0,6.0,0.0,747.96,2715.48,-1967.52,615.1,346.6,268.5,101.8,55.8,46.0,10.0,19.0,-9.0,0.9260124496088037,2.531547392896771,-1.6055349432879673
KS-MO,Broad state-agency match,113,3.596536094636937,KS,999916901053191,MO,32756,7.0,7.0,0.0,8.0,7.0,1.0,8.0,8.0,0.0,7.0,9.0,-2.0,16.0,16.0,0.0,12466.0,10113.0,2353.0,6.0,18.0,-12.0,747.96,1820.34,-1072.3799999999999,446.4,75.6,370.79999999999995,54.9,45.2,9.699999999999996,25.3,8.7,16.6,0.9905109126656613,1.9522597009045721,-0.9617487882389109
KS-MO,Broad state-agency match,114,3.969124203356022,KS,999963501050441,MO,552,6.0,5.0,1.0,7.0,7.0,0.0,7.0,7.0,0.0,6.0,5.0,1.0,49.0,53.0,-4.0,38530.0,81653.0,-43123.0,8.0,15.0,-7.0,3082.4,12247.95,-9165.550000000001,670.3,1103.1,-432.79999999999995,80.8,129.5,-48.7,18.8,27.1,-8.3,3.859467713800426,4.789896839716678,-0.9304291259162523
KS-MO,Broad state-agency match,115,4.035318339486638,KS,999963501050451,MO,2843,7.0,6.0,1.0,7.0,7.0,0.0,7.0,7.0,0.0,7.0,6.0,1.0,49.0,44.0,5.0,38530.0,36705.0,1825.0,8.0,19.0,-11.0,3082.4,6973.95,-3891.5499999999997,671.5,109.4,562.1,80.8,39.9,40.9,16.4,15.6,0.7999999999999989,3.844798161239971,6.385964292609367,-2.5411661313693963
KS-MO,Broad state-agency match,116,4.358861695254011,KS,999963501050411,MO,1381,5.0,4.0,1.0,7.0,7.0,0.0,5.0,4.0,1.0,6.0,6.0,0.0,55.0,57.0,-2.0,35515.0,42076.0,-6561.0,7.0,15.0,-8.0,2486.05,6311.4,-3825.3499999999995,1052.7,295.0,757.7,39.8,47.7,-7.900000000000006,16.3,16.1,0.1999999999999993,3.8896925635025474,5.767837161635608,-1.8781445981330607
KS-MO,Broad state-agency match,117,4.4489859106300536,KS,999963501050431,MO,2841,7.0,5.0,2.0,7.0,7.0,0.0,7.0,7.0,0.0,7.0,5.0,2.0,51.0,46.0,5.0,38530.0,14204.0,24326.0,8.0,15.0,-7.0,3082.4,2130.6,951.8000000000002,52.2,81.7,-29.5,19.5,34.6,-15.100000000000001,44.7,20.5,24.200000000000003,3.9062666080308044,7.564632186993649,-3.658365578962844
KS-MO,Broad state-agency match,118,4.91265907599233,KS,999967001052431,MO,3335,6.0,5.0,1.0,7.0,6.0,1.0,7.0,7.0,0.0,6.0,5.0,1.0,35.0,38.0,-3.0,34400.0,19160.0,15240.0,10.0,4.0,6.0,3440.0,766.4,2673.6,1614.2,1011.3,602.9000000000001,76.2,134.1,-57.89999999999999,17.9,25.5,-7.600000000000001,0.30038262428603557,1.3951771806561462,-1.0947945563701107
KS-MO,Broad state-agency match,119,4.963888365134634,KS,999906901051421,MO,6310,6.0,6.0,0.0,7.0,7.0,0.0,6.0,7.0,-1.0,6.0,6.0,0.0,66.0,67.0,-1.0,17533.0,34466.0,-16933.0,4.0,16.0,-12.0,701.32,5514.56,-4813.240000000001,806.0,63.1,742.9,46.5,23.2,23.3,23.9,15.9,7.999999999999998,2.2329519248403487,6.830138068151677,-4.597186143311328
KS-MO,Broad state-agency match,120,9.277891297945935,KS,999967001052441,MO,2689,7.0,6.0,1.0,7.0,7.0,0.0,7.0,6.0,1.0,7.0,7.0,0.0,35.0,38.0,-3.0,34400.0,1590.0,32810.0,10.0,18.0,-8.0,3440.0,286.2,3153.8,1618.3,73.5,1544.8,76.2,28.3,47.900000000000006,17.9,8.7,9.2,0.3003814758182647,0.005614131330165504,0.29476734448809916
KS-MO,Broad state-agency match,121,0.7866185040946526,KS,999906900462561,MO,3333,7.0,7.0,0.0,7.0,7.0,0.0,8.0,8.0,0.0,7.0,8.0,-1.0,39.0,40.0,-1.0,19581.0,9469.0,10112.0,3.0,4.0,-1.0,587.43,378.76,208.66999999999996,52.7,44.5,8.200000000000003,21.3,19.8,1.5,18.2,15.9,2.299999999999999,3.347424939779286,1.6127781482652066,1.7346467915140795
KS-MO,Broad state-agency match,122,1.231520276989618,KS,999906900462591,MO,3584,7.0,6.0,1.0,7.0,7.0,0.0,7.0,7.0,0.0,7.0,6.0,1.0,35.0,40.0,-5.0,19581.0,27673.0,-8092.0,3.0,9.0,-6.0,587.43,2490.57,-1903.1400000000003,161.6,45.7,115.89999999999999,33.5,25.0,8.5,16.5,12.6,3.9000000000000004,3.451001704959061,4.046950887141455,-0.5959491821823941
KS-MO,Broad state-agency match,123,2.642743306292253,KS,999903501052791,MO,3332,7.0,7.0,0.0,7.0,7.0,0.0,8.0,8.0,0.0,7.0,8.0,-1.0,36.0,40.0,-4.0,10361.0,9691.0,670.0,0.0,4.0,-4.0,0.0,387.64,-387.64,69.2,44.5,24.700000000000003,19.8,19.8,0.0,8.7,15.9,-7.200000000000001,2.198208445030289,1.6022552831361907,0.5959531618940981
KS-MO,Broad state-agency match,124,0.5671959775943534,KS,999906900461371,MO,1230,7.0,5.0,2.0,7.0,5.0,2.0,7.0,5.0,2.0,7.0,6.0,1.0,60.0,60.0,0.0,43000.0,38827.0,4173.0,5.0,12.0,-7.0,2150.0,4659.24,-2509.24,78.2,53.3,24.900000000000006,23.2,23.2,0.0,13.3,15.8,-2.5,5.159761236229264,5.617312790446837,-0.45755155421757276
KS-MO,Broad state-agency match,125,1.097624604768258,KS,999906900461121,MO,1327,6.0,6.0,0.0,6.0,6.0,0.0,7.0,6.0,1.0,7.0,7.0,0.0,59.0,58.0,1.0,28783.0,40530.0,-11747.0,2.0,12.0,-10.0,575.66,4863.6,-4287.9400000000005,61.9,50.3,11.600000000000001,24.4,22.9,1.5,15.2,16.1,-0.9000000000000021,3.6386195169499684,5.487087313248699,-1.8484677962987304
KS-MO,Broad state-agency match,126,1.1412764342593706,KS,999906900460981,MO,1231,7.0,6.0,1.0,7.0,6.0,1.0,7.0,6.0,1.0,7.0,6.0,1.0,59.0,60.0,-1.0,14313.0,40530.0,-26217.0,8.0,12.0,-4.0,1145.04,4863.6,-3718.5600000000004,75.0,53.3,21.700000000000003,29.6,23.2,6.400000000000002,12.8,15.8,-3.0,3.6026979059748845,5.631575115538778,-2.028877209563894
KS-MO,Broad state-agency match,127,0.5014269438710091,KS,999906900461041,MO,6547,7.0,4.0,3.0,7.0,5.0,2.0,7.0,5.0,2.0,7.0,4.0,3.0,59.0,64.0,-5.0,18200.0,36578.0,-18378.0,8.0,6.0,2.0,1456.0,2194.68,-738.6799999999998,52.1,66.0,-13.899999999999999,14.6,17.1,-2.5000000000000018,12.8,10.6,2.200000000000001,3.681351384660666,3.6290545323798975,0.0522968522807683
KS-MO,Broad state-agency match,128,0.5135557918525812,KS,999906900461031,MO,6682,7.0,5.0,2.0,7.0,5.0,2.0,7.0,5.0,2.0,7.0,5.0,2.0,59.0,64.0,-5.0,18200.0,40003.0,-21803.0,8.0,6.0,2.0,1456.0,2400.18,-944.1799999999998,52.1,66.0,-13.899999999999999,14.6,17.1,-2.5000000000000018,12.8,10.6,2.200000000000001,3.6961906821798105,3.64182700629413,0.054363675885680696
KS-MO,Broad state-agency match,129,0.8652554840903005,KS,999943500460471,MO,319,7.0,5.0,2.0,7.0,6.0,1.0,7.0,6.0,1.0,7.0,5.0,2.0,60.0,65.0,-5.0,89000.0,64089.0,24911.0,5.0,12.0,-7.0,4450.0,7690.68,-3240.6800000000003,73.9,26.2,47.7,21.3,8.7,12.600000000000001,21.4,19.9,1.5,4.536987407249148,4.225260641315457,0.31172676593369086
KS-MO,Broad state-agency match,130,1.4374544760575092,KS,999903500460271,MO,6329,5.0,5.0,0.0,5.0,6.0,-1.0,6.0,5.0,1.0,6.0,5.0,1.0,66.0,71.0,-5.0,46550.0,44166.0,2384.0,13.0,17.0,-4.0,6051.5,7508.22,-1456.7200000000003,60.8,26.2,34.599999999999994,24.1,9.2,14.900000000000002,18.3,19.9,-1.5999999999999979,7.153267509771557,4.237404500774871,2.915863008996686
KS-MO,Broad state-agency match,131,2.5742888599176776,KS,999943500460481,MO,1331,7.0,5.0,2.0,7.0,5.0,2.0,7.0,5.0,2.0,7.0,5.0,2.0,60.0,58.0,2.0,89000.0,18584.0,70416.0,5.0,5.0,0.0,4450.0,929.2,3520.8,73.9,74.1,-0.19999999999998863,21.3,22.9,-1.5999999999999979,21.4,36.0,-14.600000000000001,4.551599240491865,4.188080745286939,0.36351849520492596
KS-MO,Broad state-agency match,132,2.7531235783143915,KS,999906900461301,MO,1827,6.0,5.0,1.0,6.0,5.0,1.0,7.0,5.0,2.0,7.0,6.0,1.0,52.0,49.0,3.0,43000.0,82831.0,-39831.0,5.0,12.0,-7.0,2150.0,9939.72,-7789.719999999999,46.6,58.8,-12.199999999999996,18.3,17.1,1.1999999999999993,19.9,35.6,-15.700000000000003,5.174843088880194,5.288810529215569,-0.11396744033537498
KS-MO,Broad state-agency match,133,3.4885334008726576,KS,999906900461271,MO,1828,6.0,5.0,1.0,6.0,5.0,1.0,7.0,5.0,2.0,7.0,6.0,1.0,52.0,51.0,1.0,43000.0,95218.0,-52218.0,5.0,12.0,-7.0,2150.0,11426.16,-9276.16,52.1,40.8,11.300000000000004,14.6,19.8,-5.200000000000001,15.8,35.6,-19.8,5.1752474242556,6.415410992692313,-1.2401635684367127
KS-MO,Broad state-agency match,134,3.7299966100732895,KS,999906900461231,MO,1831,7.0,5.0,2.0,7.0,5.0,2.0,7.0,5.0,2.0,7.0,6.0,1.0,52.0,49.0,3.0,31000.0,94922.0,-63922.0,6.0,12.0,-6.0,1860.0,11390.64,-9530.64,65.2,38.7,26.5,18.3,18.0,0.3000000000000007,15.8,35.6,-19.8,4.837001566198926,8.539938605540911,-3.702937039341985
KS-MO,Broad state-agency match,135,0.6661561317028201,KS,999906900461221,MO,1883,6.0,5.0,1.0,7.0,7.0,0.0,6.0,5.0,1.0,6.0,6.0,0.0,52.0,51.0,1.0,8095.0,2945.0,5150.0,7.0,4.0,3.0,566.65,117.8,448.84999999999997,85.3,111.3,-26.0,25.6,27.7,-2.099999999999998,13.8,13.0,0.8000000000000007,4.185959302089266,4.548824093405408,-0.3628647913161416
KS-MO,Broad state-agency match,136,1.7327024875925061,KS,999906900462841,MO,3873,7.0,6.0,1.0,7.0,7.0,0.0,7.0,6.0,1.0,7.0,7.0,0.0,36.0,37.0,-1.0,10547.0,1116.0,9431.0,0.0,5.0,-5.0,0.0,55.8,-55.8,85.3,74.7,10.599999999999994,25.6,33.6,-8.0,12.4,10.2,2.200000000000001,4.171130491970958,2.9968770956358775,1.1742533963350805
KS-MO,Broad state-agency match,137,2.053879442651542,KS,999943500463021,MO,4167,7.0,5.0,2.0,7.0,5.0,2.0,7.0,7.0,0.0,7.0,7.0,0.0,29.0,31.0,-2.0,5758.0,2114.0,3644.0,0.0,3.0,-3.0,0.0,63.42,-63.42,89.8,107.3,-17.5,25.9,46.6,-20.700000000000003,15.1,12.6,2.5,2.669456311874672,3.362821823233411,-0.6933655113587389
KS-MO,Broad state-agency match,138,2.3618802314366167,KS,999943500464051,MO,36218,7.0,7.0,0.0,7.0,7.0,0.0,8.0,9.0,-1.0,7.0,9.0,-2.0,11.0,6.0,5.0,14788.0,5039.0,9749.0,0.0,5.0,-5.0,0.0,251.95,-251.95,105.6,53.8,51.8,34.4,26.4,8.0,22.4,20.1,2.299999999999997,6.167894861247713,4.356653219859205,1.8112416413885075
KS-MO,Broad state-agency match,139,2.4349130214095482,KS,999906900461331,MO,1829,7.0,6.0,1.0,7.0,7.0,0.0,8.0,7.0,1.0,7.0,6.0,1.0,52.0,51.0,1.0,25428.0,6525.0,18903.0,0.0,5.0,-5.0,0.0,326.25,-326.25,95.4,85.0,10.400000000000006,29.0,28.0,1.0,31.0,27.7,3.3000000000000007,5.315432048607402,7.278330104195139,-1.9628980555877371
KS-MO,Broad state-agency match,140,2.514655606961358,KS,999906900461341,MO,2025,7.0,7.0,0.0,7.0,8.0,-1.0,7.0,7.0,0.0,7.0,7.0,0.0,52.0,56.0,-4.0,4988.0,6144.0,-1156.0,0.0,5.0,-5.0,0.0,307.2,-307.2,56.9,57.9,-1.0,29.6,24.9,4.700000000000003,13.0,11.5,1.5,5.627764307657212,2.713653636043542,2.9141106716136695
KS-MO,Broad state-agency match,141,4.891298503346527,KS,999906900463481,MO,29080,7.0,6.0,1.0,7.0,6.0,1.0,8.0,8.0,0.0,8.0,6.0,2.0,18.0,23.0,-5.0,12879.0,15467.0,-2588.0,0.0,4.0,-4.0,0.0,618.68,-618.68,58.4,66.9,-8.500000000000007,31.0,31.5,-0.5,43.3,20.0,23.299999999999997,5.622127220170765,2.0659166877644233,3.5562105324063418
KS-MO,Broad state-agency match,142,0.5117026892083228,KS,999943500460501,MO,1184,7.0,6.0,1.0,7.0,7.0,0.0,8.0,7.0,1.0,7.0,6.0,1.0,60.0,59.0,1.0,87000.0,72825.0,14175.0,5.0,7.0,-2.0,4350.0,5097.75,-747.75,67.0,90.3,-23.299999999999997,18.3,21.9,-3.599999999999998,21.4,22.8,-1.4000000000000021,3.1733843733042777,2.1728945565034428,1.000489816800835
KS-MO,Broad state-agency match,143,0.6539734547231998,KS,999943500460511,MO,1183,6.0,6.0,0.0,7.0,7.0,0.0,8.0,7.0,1.0,6.0,6.0,0.0,60.0,59.0,1.0,87000.0,71990.0,15010.0,5.0,18.0,-13.0,4350.0,12958.2,-8608.2,67.0,97.0,-30.0,18.3,21.9,-3.599999999999998,21.4,20.3,1.0999999999999979,3.1733964788224,2.1710991870786502,1.0022972917437496
KS-MO,Broad state-agency match,144,0.7000952720579308,KS,999943500463131,MO,4426,7.0,6.0,1.0,7.0,6.0,1.0,7.0,7.0,0.0,7.0,6.0,1.0,30.0,31.0,-1.0,80308.0,75684.0,4624.0,5.0,18.0,-13.0,4015.4,13623.12,-9607.720000000001,74.0,74.1,-0.09999999999999432,22.9,22.9,0.0,24.6,21.6,3.0,0.01064486377080825,0.018734312027674394,-0.008089448256866144
KS-MO,Broad state-agency match,145,0.8526440174341869,KS,999905600463261,MO,11958,7.0,7.0,0.0,7.0,7.0,0.0,7.0,7.0,0.0,8.0,7.0,1.0,24.0,25.0,-1.0,17383.0,15595.0,1788.0,3.0,3.0,0.0,521.49,467.85,53.639999999999986,60.8,78.6,-17.799999999999997,18.5,24.5,-6.0,13.5,12.2,1.3000000000000007,3.1846266764159488,1.2059099727372609,1.978716703678688
KS-MO,Broad state-agency match,146,0.8588222159095572,KS,999905600463271,MO,11957,7.0,7.0,0.0,7.0,7.0,0.0,7.0,7.0,0.0,8.0,8.0,0.0,24.0,25.0,-1.0,17383.0,10860.0,6523.0,3.0,4.0,-1.0,521.49,434.4,87.09000000000003,60.8,83.8,-23.0,18.5,24.5,-6.0,13.5,12.2,1.3000000000000007,3.184774398212503,1.2049565469101156,1.9798178513023874
KS-MO,Broad state-agency match,147,1.4613239995817788,KS,999943500460401,MO,2131,7.0,6.0,1.0,7.0,6.0,1.0,7.0,7.0,0.0,7.0,6.0,1.0,61.0,56.0,5.0,62500.0,10102.0,52398.0,5.0,9.0,-4.0,3125.0,909.18,2215.82,68.6,36.9,31.699999999999996,21.6,14.3,7.300000000000001,21.8,14.3,7.5,7.4369889669501825,7.201316039178509,0.2356729277716738
KS-MO,Broad state-agency match,148,1.6218526323617106,KS,999906900461361,MO,2130,7.0,6.0,1.0,7.0,6.0,1.0,7.0,7.0,0.0,7.0,6.0,1.0,52.0,53.0,-1.0,39150.0,7881.0,31269.0,5.0,14.0,-9.0,1957.5,1103.34,854.1600000000001,125.6,36.9,88.69999999999999,41.1,14.3,26.8,13.0,14.2,-1.1999999999999993,5.611996608033844,4.9822982915214205,0.6296983165124237
KS-MO,Broad state-agency match,149,1.7100621196199315,KS,999943500462221,MO,3037,6.0,5.0,1.0,7.0,5.0,2.0,7.0,6.0,1.0,6.0,6.0,0.0,44.0,46.0,-2.0,42900.0,49220.0,-6320.0,8.0,12.0,-4.0,3432.0,5906.4,-2474.3999999999996,79.9,43.9,36.00000000000001,34.4,25.3,9.099999999999998,17.8,16.8,1.0,8.694743181141286,4.446468600335724,4.248274580805562
KS-MO,Broad state-agency match,150,1.740738316285082,KS,999943500462231,MO,3036,7.0,5.0,2.0,7.0,6.0,1.0,7.0,6.0,1.0,7.0,5.0,2.0,44.0,46.0,-2.0,42900.0,53969.0,-11069.0,8.0,17.0,-9.0,3432.0,9174.73,-5742.73,79.9,43.9,36.00000000000001,34.4,25.3,9.099999999999998,17.8,16.8,1.0,8.709626290453969,4.457612076309192,4.2520142141447765
KS-MO,Broad state-agency match,151,2.1305256103635375,KS,999901000462391,MO,1826,7.0,5.0,2.0,7.0,6.0,1.0,7.0,6.0,1.0,7.0,5.0,2.0,44.0,49.0,-5.0,32600.0,5116.0,27484.0,5.0,10.0,-5.0,1630.0,511.6,1118.4,77.3,41.1,36.199999999999996,23.0,16.2,6.800000000000001,16.6,8.5,8.100000000000001,9.125026352533837,5.1932809884873885,3.9317453640464484
KS-MO,Broad state-agency match,152,2.239848535313044,KS,999901000462401,MO,1825,7.0,6.0,1.0,7.0,6.0,1.0,7.0,7.0,0.0,7.0,6.0,1.0,44.0,49.0,-5.0,39750.0,6097.0,33653.0,5.0,4.0,1.0,1987.5,243.88,1743.62,74.5,41.1,33.4,23.0,16.2,6.800000000000001,16.6,8.5,8.100000000000001,9.125223960536326,5.171623040315483,3.9536009202208433
KS-MO,Broad state-agency match,153,2.3131596811374235,KS,999943500460411,MO,443,7.0,6.0,1.0,7.0,6.0,1.0,7.0,6.0,1.0,7.0,6.0,1.0,61.0,59.0,2.0,62500.0,35112.0,27388.0,5.0,12.0,-7.0,3125.0,4213.44,-1088.4399999999996,68.6,157.6,-89.0,21.6,44.2,-22.6,21.8,20.3,1.5,7.4371644847942875,2.5072121132225007,4.929952371571787
KS-MO,Broad state-agency match,154,3.084674335631397,KS,999943500462081,MO,2112,7.0,7.0,0.0,7.0,7.0,0.0,7.0,7.0,0.0,7.0,7.0,0.0,45.0,49.0,-4.0,40200.0,94922.0,-54722.0,9.0,12.0,-3.0,3618.0,11390.64,-7772.639999999999,79.0,106.1,-27.099999999999994,22.9,23.2,-0.3000000000000007,17.7,35.5,-17.8,9.294434110328618,9.049514368913336,0.2449197414152824
KS-MO,Broad state-agency match,155,3.4567299407410763,KS,999943500462071,MO,1824,5.0,5.0,0.0,5.0,6.0,-1.0,6.0,5.0,1.0,7.0,6.0,1.0,45.0,49.0,-4.0,40200.0,69470.0,-29270.0,9.0,12.0,-3.0,3618.0,8336.4,-4718.4,79.0,51.5,27.5,22.9,19.8,3.099999999999998,17.7,35.6,-17.900000000000002,9.3092432983644,5.181192750815711,4.128050547548689
KS-MO,Broad state-agency match,156,1.5465588625058277,KS,999906900464511,MO,36197,8.0,7.0,1.0,8.0,7.0,1.0,8.0,7.0,1.0,8.0,7.0,1.0,1.0,6.0,-5.0,28783.0,71422.0,-42639.0,2.0,18.0,-16.0,575.66,12855.96,-12280.3,28.2,33.7,-5.5000000000000036,28.2,32.6,-4.400000000000002,23.6,25.2,-1.5999999999999979,3.651372696250191,1.3548200992838662,2.296552596966325
KS-MO,Broad state-agency match,157,2.53451772097595,KS,999906900464571,MO,36199,8.0,7.0,1.0,8.0,7.0,1.0,8.0,7.0,1.0,8.0,7.0,1.0,1.0,6.0,-5.0,31021.0,71990.0,-40969.0,7.0,18.0,-11.0,2171.47,12958.2,-10786.730000000001,47.5,33.7,13.799999999999997,47.5,32.6,14.899999999999999,12.9,25.2,-12.299999999999999,3.696454506638527,1.355201657001467,2.3412528496370597
KS-MO,Broad state-agency match,158,3.3161784987272003,KS,999943500464031,MO,33987,8.0,7.0,1.0,8.0,7.0,1.0,8.0,7.0,1.0,8.0,9.0,-1.0,9.0,13.0,-4.0,62500.0,500.0,62000.0,5.0,5.0,0.0,3125.0,25.0,3100.0,28.4,43.3,-14.899999999999999,27.9,21.3,6.599999999999998,22.1,9.1,13.000000000000002,7.143968464524348,2.996429345600658,4.1475391189236905
KS-MO,Broad state-agency match,159,1.9541384320519437,KS,999906900463691,MO,32209,7.0,6.0,1.0,7.0,7.0,0.0,8.0,7.0,1.0,8.0,6.0,2.0,13.0,17.0,-4.0,4414.0,334.0,4080.0,0.0,4.0,-4.0,0.0,13.36,-13.36,59.9,76.5,-16.6,29.3,25.3,4.0,22.7,13.3,9.399999999999999,3.6602676372901746,4.378073800872837,-0.7178061635826625
KS-MO,Broad state-agency match,160,2.4388440274912058,KS,999906900463681,MO,35265,7.0,6.0,1.0,7.0,6.0,1.0,8.0,6.0,2.0,7.0,7.0,0.0,13.0,9.0,4.0,4414.0,11716.0,-7302.0,0.0,4.0,-4.0,0.0,468.64,-468.64,59.9,57.1,2.799999999999997,29.3,28.6,0.6999999999999993,24.6,22.6,2.0,3.6599439625050736,4.421245476995633,-0.7613015144905595
KS-MO,Broad state-agency match,161,0.565776945274245,KS,999906900464601,MO,36865,8.0,9.0,-1.0,8.0,9.0,-1.0,8.0,9.0,-1.0,8.0,9.0,-1.0,1.0,3.0,-2.0,43100.0,40530.0,2570.0,5.0,12.0,-7.0,2155.0,4863.6,-2708.6000000000004,60.0,57.9,2.1000000000000014,22.9,28.4,-5.5,19.7,17.9,1.8000000000000007,5.1174834150170225,4.721538463821023,0.3959449511959994
KS-MO,Broad state-agency match,162,0.8251892696442694,KS,999906900464591,MO,36866,8.0,8.0,0.0,8.0,9.0,-1.0,8.0,9.0,-1.0,8.0,8.0,0.0,1.0,3.0,-2.0,31000.0,43607.0,-12607.0,6.0,12.0,-6.0,1860.0,5232.84,-3372.84,74.2,149.3,-75.10000000000001,37.1,28.4,8.700000000000003,19.7,17.9,1.8000000000000007,4.822174284358249,4.703475821874206,0.11869846248404325
KS-MO,Broad state-agency match,163,3.2896104123148207,KS,999943500463101,MO,11931,7.0,5.0,2.0,7.0,6.0,1.0,8.0,6.0,2.0,7.0,5.0,2.0,31.0,26.0,5.0,80308.0,11441.0,68867.0,5.0,4.0,1.0,4015.4,457.64,3557.76,77.7,491.6,-413.90000000000003,17.1,33.5,-16.4,24.0,12.6,11.4,0.21214960976486938,0.3466441711444138,-0.13449456137954444
KS-MO,Broad state-agency match,164,3.7757591395571426,KS,999943500463111,MO,11895,7.0,6.0,1.0,7.0,6.0,1.0,8.0,6.0,2.0,7.0,7.0,0.0,31.0,26.0,5.0,80308.0,10860.0,69448.0,5.0,4.0,1.0,4015.4,434.4,3581.0,77.7,491.6,-413.90000000000003,17.1,33.5,-16.4,28.3,12.6,15.700000000000001,0.21227859378736488,0.32869034590733087,-0.11641175211996599
KS-MO,Broad state-agency match,165,1.2817542658490588,KS,999900700060311,MO,7383,6.0,6.0,0.0,6.0,7.0,-1.0,8.0,7.0,1.0,7.0,6.0,1.0,64.0,65.0,-1.0,559.0,179.0,380.0,3.0,22.0,-19.0,16.77,39.38,-22.610000000000003,73.3,31.1,42.199999999999996,29.9,10.4,19.5,10.1,8.1,2.0,8.282000205778772,7.138294104182887,1.1437061015958845
KS-MO,Broad state-agency match,166,1.378404295458422,KS,999906900060521,MO,3615,7.0,5.0,2.0,7.0,5.0,2.0,8.0,6.0,2.0,7.0,5.0,2.0,40.0,38.0,2.0,3652.0,3585.0,67.0,15.0,14.0,1.0,547.8,501.9,45.89999999999998,72.1,116.7,-44.60000000000001,35.7,31.4,4.300000000000004,13.0,13.9,-0.9000000000000004,4.657711920731371,1.138136639464849,3.5195752812665217
KS-MO,Broad state-agency match,167,1.7597121708661132,KS,999906900060551,MO,3478,7.0,3.0,4.0,8.0,7.0,1.0,7.0,7.0,0.0,8.0,3.0,5.0,40.0,40.0,0.0,172.0,628.0,-456.0,3.0,10.0,-7.0,5.16,62.8,-57.64,83.7,39.6,44.1,26.8,13.3,13.5,11.7,9.0,2.6999999999999993,4.852313700759225,1.6648704552477727,3.187443245511453
KS-MO,Broad state-agency match,168,0.20773781773979794,KS,999905400060671,MO,3325,6.0,4.0,2.0,7.0,7.0,0.0,8.0,7.0,1.0,6.0,4.0,2.0,38.0,41.0,-3.0,3458.0,4057.0,-599.0,16.0,14.0,2.0,553.28,567.98,-14.700000000000045,64.5,87.5,-23.0,21.3,22.3,-1.0,14.0,13.9,0.09999999999999964,6.847562405220384,6.737153212263299,0.11040919295708562
KS-MO,Broad state-agency match,169,2.3785972523379018,KS,999906600110051,MO,6584,7.0,7.0,0.0,7.0,7.0,0.0,7.0,7.0,0.0,7.0,7.0,0.0,61.0,57.0,4.0,4096.0,563.0,3533.0,5.0,10.0,-5.0,204.8,56.3,148.5,282.7,47.9,234.79999999999998,52.4,18.3,34.099999999999994,9.3,9.4,-0.09999999999999964,4.233075882120518,3.9011839803865227,0.33189190173399563
KS-MO,Broad state-agency match,170,0.2987469655934135,KS,999903600220301,MO,3178,7.0,6.0,1.0,7.0,6.0,1.0,7.0,6.0,1.0,7.0,6.0,1.0,42.0,46.0,-4.0,8413.0,8026.0,387.0,8.0,5.0,3.0,673.04,401.3,271.73999999999995,40.4,50.3,-9.899999999999999,15.9,15.7,0.20000000000000107,16.0,15.5,0.5,0.26674941710449285,0.3449521184298905,-0.07820270132539764
KS-MO,Broad state-agency match,171,0.355540540309252,KS,999903600220311,MO,1922,7.0,6.0,1.0,7.0,6.0,1.0,7.0,6.0,1.0,7.0,7.0,0.0,42.0,46.0,-4.0,5848.0,9340.0,-3492.0,12.0,12.0,0.0,701.76,1120.8,-419.03999999999996,40.5,39.0,1.5,15.9,19.2,-3.299999999999999,16.0,16.8,-0.8000000000000007,0.2747864755278891,0.42413707115522276,-0.14935059562733366
KS-MO,Broad state-agency match,172,1.144936813896431,KS,999903600220351,MO,1813,7.0,6.0,1.0,7.0,6.0,1.0,7.0,6.0,1.0,7.0,7.0,0.0,41.0,46.0,-5.0,4977.0,3805.0,1172.0,24.0,22.0,2.0,1194.48,837.1,357.38,37.3,38.4,-1.1000000000000014,14.6,17.7,-3.0999999999999996,12.8,12.4,0.40000000000000036,4.2896813867267145,1.373289866390102,2.9163915203366124
KS-MO,Broad state-agency match,173,0.44322166391421436,KS,999903600220331,MO,1908,7.0,6.0,1.0,7.0,6.0,1.0,7.0,6.0,1.0,7.0,6.0,1.0,42.0,46.0,-4.0,4658.0,4117.0,541.0,14.0,22.0,-8.0,652.12,905.74,-253.62,76.1,73.8,2.299999999999997,32.6,27.7,4.900000000000002,13.1,12.4,0.6999999999999993,0.8062829060494928,0.1903519906203046,0.6159309154291882
KS-MO,Broad state-agency match,174,1.0188274508277968,KS,999900700030561,MO,31345,8.0,7.0,1.0,8.0,7.0,1.0,8.0,8.0,0.0,8.0,8.0,0.0,22.0,20.0,2.0,1725.0,621.0,1104.0,13.0,45.0,-32.0,224.25,279.45,-55.19999999999999,54.3,55.7,-1.4000000000000057,26.0,18.3,7.699999999999999,13.6,8.7,4.9,2.40716739234329,3.3907429884428777,-0.9835755960995876
KS-MO,Broad state-agency match,175,0.13033011079244286,KS,999905900030551,MO,32604,7.0,7.0,0.0,7.0,7.0,0.0,7.0,7.0,0.0,7.0,7.0,0.0,13.0,15.0,-2.0,8382.0,6968.0,1414.0,14.0,19.0,-5.0,1173.48,1323.92,-150.44000000000005,775.9,775.7,0.1999999999999318,160.6,160.6,0.0,22.1,22.1,0.0,0.023747943946313074,0.21902309060999486,-0.1952751466636818
KS-MO,Exposure-tight all-owner match,1,0.5101233977922552,KS,000111101006661,MO,29627,8.0,7.0,1.0,8.0,7.0,1.0,8.0,7.0,1.0,8.0,8.0,0.0,18.0,23.0,-5.0,35.0,75.0,-40.0,5.0,2.0,3.0,1.75,1.5,0.25,34.4,37.5,-3.1000000000000014,13.4,14.6,-1.1999999999999993,8.5,7.5,1.0,7.757512305558873,8.9634551602256,-1.205942854666727
KS-MO,Exposure-tight all-owner match,2,1.4704976595421435,KS,000000000520520,MO,31392,7.0,7.0,0.0,7.0,7.0,0.0,7.0,7.0,0.0,7.0,7.0,0.0,25.0,21.0,4.0,694.0,1189.0,-495.0,2.0,2.0,0.0,13.88,23.78,-9.9,30.9,46.6,-15.700000000000003,12.1,18.3,-6.200000000000001,10.4,9.1,1.3000000000000007,4.273744689320853,8.105753137999193,-3.83200844867834
KS-MO,Exposure-tight all-owner match,3,0.1384295684567716,KS,999943501052351,MO,2780,6.0,6.0,0.0,7.0,7.0,0.0,7.0,7.0,0.0,6.0,6.0,0.0,41.0,41.0,0.0,19350.0,11209.0,8141.0,10.0,12.0,-2.0,1935.0,1345.08,589.9200000000001,1000.0,998.2,1.7999999999999545,129.5,129.5,0.0,17.7,17.9,-0.1999999999999993,0.04646269427050481,0.19820559713296376,-0.15174290286245895
KS-MO,Exposure-tight all-owner match,4,0.16716932036050872,KS,999943501052401,MO,2781,6.0,6.0,0.0,7.0,7.0,0.0,7.0,7.0,0.0,6.0,6.0,0.0,40.0,40.0,0.0,19350.0,11209.0,8141.0,10.0,12.0,-2.0,1935.0,1345.08,589.9200000000001,1002.1,989.4,12.700000000000045,129.5,129.5,0.0,17.7,17.9,-0.1999999999999993,0.025529453457758765,0.19326889377889211,-0.16773944032113336
KS-MO,Exposure-tight all-owner match,5,0.7101920257656782,KS,999943501052251,MO,2905,7.0,5.0,2.0,7.0,7.0,0.0,7.0,6.0,1.0,7.0,5.0,2.0,40.0,42.0,-2.0,19800.0,13231.0,6569.0,9.0,12.0,-3.0,1782.0,1587.72,194.27999999999997,58.0,76.2,-18.200000000000003,23.2,32.6,-9.400000000000002,17.8,15.7,2.1000000000000014,3.401048259121482,3.0393965424957634,0.3616517166257185
KS-MO,Exposure-tight all-owner match,6,1.0449215497720117,KS,999907001052103,MO,2822,7.0,6.0,1.0,7.0,7.0,0.0,7.0,7.0,0.0,8.0,6.0,2.0,44.0,42.0,2.0,28750.0,30967.0,-2217.0,13.0,12.0,1.0,3737.5,3716.04,21.460000000000036,45.3,72.5,-27.200000000000003,24.4,32.6,-8.200000000000003,12.8,12.6,0.20000000000000107,5.506477200031679,3.0473428391323205,2.459134360899358
KS-MO,Exposure-tight all-owner match,7,0.6294044783727822,KS,999907001052701,MO,3281,7.0,5.0,2.0,7.0,7.0,0.0,8.0,7.0,1.0,7.0,5.0,2.0,40.0,37.0,3.0,34647.0,20050.0,14597.0,11.0,11.0,0.0,3811.17,2205.5,1605.67,46.7,101.5,-54.8,24.4,23.2,1.1999999999999993,17.7,15.1,2.5999999999999996,5.2928804738592445,5.001342325736014,0.2915381481232302
KS-MO,Exposure-tight all-owner match,8,0.7465876083629456,KS,999943501052281,MO,2909,7.0,6.0,1.0,7.0,7.0,0.0,8.0,6.0,2.0,7.0,6.0,1.0,40.0,44.0,-4.0,19800.0,11209.0,8591.0,9.0,12.0,-3.0,1782.0,1345.08,436.9200000000001,58.0,110.6,-52.599999999999994,19.1,22.4,-3.299999999999997,17.8,17.9,-0.09999999999999787,2.118190778698513,0.500772126367135,1.617418652331378
KS-MO,Exposure-tight all-owner match,9,0.7541849123300418,KS,999943501052271,MO,2815,6.0,6.0,0.0,6.0,7.0,-1.0,8.0,7.0,1.0,7.0,6.0,1.0,40.0,44.0,-4.0,19800.0,11209.0,8591.0,9.0,12.0,-3.0,1782.0,1345.08,436.9200000000001,58.0,110.6,-52.599999999999994,19.1,22.4,-3.299999999999997,17.8,17.9,-0.09999999999999787,2.1266257867423732,0.4821946218355521,1.644431164906821
KS-MO,Exposure-tight all-owner match,10,1.015621204440335,KS,999906900461191,MO,25433,5.0,4.0,1.0,6.0,4.0,2.0,5.0,5.0,0.0,5.0,5.0,0.0,70.0,67.0,3.0,19780.0,15796.0,3984.0,3.0,5.0,-2.0,593.4,789.8,-196.39999999999998,42.6,34.7,7.899999999999999,16.8,13.4,3.4000000000000004,18.4,17.1,1.2999999999999972,3.189991060945753,0.5303002807901677,2.6596907801555854
KS-MO,Exposure-tight all-owner match,11,0.5101102231435868,KS,999916901050741,MO,6505,5.0,6.0,-1.0,7.0,6.0,1.0,7.0,7.0,0.0,5.0,6.0,-1.0,67.0,72.0,-5.0,5345.0,4404.0,941.0,4.0,7.0,-3.0,213.8,308.28,-94.47999999999996,79.5,87.5,-8.0,40.2,43.9,-3.6999999999999957,19.4,18.6,0.7999999999999972,0.9914790505922978,2.0041082092421805,-1.0126291586498826
KS-MO,Exposure-tight all-owner match,12,2.992948232740271,KS,414301052865136,MO,12088,7.0,7.0,0.0,7.0,7.0,0.0,7.0,8.0,-1.0,7.0,7.0,0.0,29.0,27.0,2.0,7720.0,4743.0,2977.0,6.0,8.0,-2.0,463.2,379.44,83.75999999999999,33.5,229.8,-196.3,16.7,57.9,-41.2,18.9,16.3,2.599999999999998,0.9914274342532536,1.967860133418618,-0.9764326991653645
KS-MO,Exposure-tight all-owner match,13,0.051309513239290686,KS,999906901053391,MO,35042,6.0,6.0,0.0,6.0,6.0,0.0,7.0,7.0,0.0,7.0,7.0,0.0,9.0,9.0,0.0,11980.0,13188.0,-1208.0,12.0,12.0,0.0,1437.6,1582.56,-144.96000000000004,656.7,656.7,0.0,128.0,128.0,0.0,23.1,23.1,0.0,0.01116010653540574,0.12194560171489441,-0.11078549517948867
KS-MO,Exposure-tight all-owner match,14,0.5090171528697662,KS,999903501050161,MO,2104,7.0,6.0,1.0,8.0,8.0,0.0,7.0,8.0,-1.0,7.0,6.0,1.0,55.0,53.0,2.0,43150.0,32104.0,11046.0,13.0,13.0,0.0,5609.5,4173.52,1435.9799999999996,116.6,92.4,24.19999999999999,32.1,25.9,6.200000000000003,21.7,20.4,1.3000000000000007,0.5416326466319229,0.9105272963098542,-0.3688946496779313
KS-MO,Exposure-tight all-owner match,15,0.9029365709752728,KS,999963501051831,MO,1716,7.0,5.0,2.0,8.0,5.0,3.0,8.0,6.0,2.0,7.0,6.0,1.0,51.0,56.0,-5.0,22024.0,11826.0,10198.0,13.0,15.0,-2.0,2863.12,1773.9,1089.2199999999998,116.4,95.7,20.700000000000003,49.7,36.9,12.800000000000004,13.0,14.8,-1.8000000000000007,0.6268191650896869,0.5826111971493386,0.044207967940348314
KS-MO,Exposure-tight all-owner match,16,0.9099414289390243,KS,999963500460731,MO,6680,7.0,5.0,2.0,7.0,7.0,0.0,7.0,7.0,0.0,7.0,5.0,2.0,70.0,72.0,-2.0,34934.0,54153.0,-19219.0,9.0,7.0,2.0,3144.06,3790.71,-646.6500000000001,57.8,75.0,-17.200000000000003,22.6,21.3,1.3000000000000007,19.1,22.0,-2.8999999999999986,3.5574741592814836,1.448949647348068,2.1085245119334157
KS-MO,Exposure-tight all-owner match,17,0.9246933711568189,KS,999963500460721,MO,1446,7.0,5.0,2.0,7.0,7.0,0.0,7.0,5.0,2.0,7.0,5.0,2.0,54.0,57.0,-3.0,34934.0,47413.0,-12479.0,9.0,12.0,-3.0,3144.06,5689.56,-2545.5000000000005,52.8,54.6,-1.8000000000000043,20.7,16.5,4.199999999999999,19.1,18.3,0.8000000000000007,3.6167561539208672,5.967486557758155,-2.350730403837288
KS-MO,Exposure-tight all-owner match,18,1.0923143483676203,KS,999907001053013,MO,11998,8.0,7.0,1.0,8.0,7.0,1.0,8.0,7.0,1.0,8.0,7.0,1.0,21.0,26.0,-5.0,44100.0,42314.0,1786.0,9.0,6.0,3.0,3969.0,2538.84,1430.1599999999999,97.9,58.8,39.10000000000001,40.0,27.1,12.899999999999999,17.9,20.5,-2.6000000000000014,3.7084274332979965,2.3973349990406767,1.3110924342573198
KS-MO,Exposure-tight all-owner match,19,1.123345957193465,KS,999907001052983,MO,11999,7.0,7.0,0.0,7.0,7.0,0.0,8.0,8.0,0.0,7.0,7.0,0.0,21.0,26.0,-5.0,44100.0,36312.0,7788.0,9.0,6.0,3.0,3969.0,2178.72,1790.2800000000002,103.3,58.8,44.5,40.0,27.1,12.899999999999999,17.9,20.5,-2.6000000000000014,3.7731588741339626,2.3835773035925585,1.389581570541404
KS-MO,Exposure-tight all-owner match,20,1.1398067616124634,KS,999963501050481,MO,1094,7.0,7.0,0.0,7.0,7.0,0.0,7.0,7.0,0.0,7.0,7.0,0.0,57.0,61.0,-4.0,29740.0,45096.0,-15356.0,10.0,12.0,-2.0,2974.0,5411.52,-2437.5200000000004,70.7,73.5,-2.799999999999997,28.0,20.7,7.300000000000001,20.9,22.9,-2.0,3.0461063949596543,5.711327560076477,-2.6652211651168223
KS-MO,Exposure-tight all-owner match,21,1.1427036325148547,KS,999963501050491,MO,1093,7.0,7.0,0.0,7.0,7.0,0.0,7.0,7.0,0.0,7.0,7.0,0.0,57.0,61.0,-4.0,29740.0,48991.0,-19251.0,10.0,12.0,-2.0,2974.0,5878.92,-2904.92,70.7,73.5,-2.799999999999997,28.0,20.7,7.300000000000001,20.9,22.9,-2.0,3.0394518681363,5.69683338204807,-2.6573815139117705
KS-MO,Exposure-tight all-owner match,22,1.2601039754968018,KS,999906901052821,MO,3334,7.0,5.0,2.0,7.0,7.0,0.0,7.0,8.0,-1.0,7.0,5.0,2.0,35.0,38.0,-3.0,12588.0,9691.0,2897.0,5.0,4.0,1.0,629.4,387.64,241.76,51.8,130.5,-78.7,19.5,36.9,-17.4,10.5,10.1,0.40000000000000036,2.095605185654083,1.5683164855254719,0.5272887001286113
KS-MO,Exposure-tight all-owner match,23,1.3459868177860588,KS,999905600463291,MO,11808,7.0,7.0,0.0,7.0,7.0,0.0,8.0,9.0,-1.0,8.0,8.0,0.0,25.0,26.0,-1.0,12588.0,8345.0,4243.0,4.0,5.0,-1.0,503.52,417.25,86.26999999999998,75.8,60.7,15.099999999999994,22.3,22.9,-0.5999999999999979,12.9,13.9,-1.0,1.7100032665641778,5.4050356301697615,-3.6950323636055837
KS-MO,Exposure-tight all-owner match,24,1.3510474560714403,KS,999903501050041,MO,748,7.0,6.0,1.0,7.0,7.0,0.0,7.0,6.0,1.0,8.0,6.0,2.0,66.0,61.0,5.0,52500.0,47762.0,4738.0,10.0,12.0,-2.0,5250.0,5731.44,-481.4399999999996,71.7,51.5,20.200000000000003,19.8,19.8,0.0,19.9,19.1,0.7999999999999972,2.1983353836460036,5.8737643754875375,-3.675428991841534
KS-MO,Exposure-tight all-owner match,25,1.5212791011861024,KS,999907001053003,MO,11989,7.0,8.0,-1.0,7.0,8.0,-1.0,8.0,8.0,0.0,7.0,8.0,-1.0,21.0,26.0,-5.0,44100.0,42314.0,1786.0,9.0,6.0,3.0,3969.0,2538.84,1430.1599999999999,102.9,50.3,52.60000000000001,42.0,22.9,19.1,17.9,20.7,-2.8000000000000007,3.80739720980545,1.8966134112440345,1.9107837985614153
KS-MO,Exposure-tight all-owner match,26,1.531686530011312,KS,999907001053033,MO,11990,6.0,7.0,-1.0,7.0,7.0,0.0,7.0,8.0,-1.0,6.0,7.0,-1.0,21.0,26.0,-5.0,44100.0,36312.0,7788.0,9.0,6.0,3.0,3969.0,2178.72,1790.2800000000002,110.3,50.3,60.0,42.0,22.9,19.1,17.9,20.7,-2.8000000000000007,3.729410598122641,1.8785545404154136,1.8508560577072273
KS-MO,Exposure-tight all-owner match,27,1.6322389745003176,KS,999905600463281,MO,11809,7.0,7.0,0.0,7.0,7.0,0.0,8.0,7.0,1.0,8.0,8.0,0.0,25.0,26.0,-1.0,12588.0,8345.0,4243.0,4.0,5.0,-1.0,503.52,417.25,86.26999999999998,75.8,105.2,-29.400000000000006,22.3,34.1,-11.8,15.9,13.9,2.0,1.695198301480794,5.5894841212285735,-3.8942858197477794
KS-MO,Exposure-tight all-owner match,28,1.7159302780841617,KS,999907001050961,MO,6457,7.0,6.0,1.0,7.0,6.0,1.0,7.0,7.0,0.0,7.0,7.0,0.0,69.0,68.0,1.0,44100.0,58966.0,-14866.0,9.0,6.0,3.0,3969.0,3537.96,431.03999999999996,252.2,74.7,177.5,35.1,20.7,14.400000000000002,16.5,14.4,2.0999999999999996,3.38719875266357,1.6459899422828377,1.7412088103807322
KS-MO,Exposure-tight all-owner match,29,2.0279532557583093,KS,999916901051811,MO,1715,7.0,5.0,2.0,7.0,5.0,2.0,7.0,6.0,1.0,7.0,5.0,2.0,54.0,56.0,-2.0,15535.0,11326.0,4209.0,10.0,12.0,-2.0,1553.5,1359.12,194.3800000000001,372.9,95.7,277.2,37.9,36.9,1.0,17.2,14.8,2.3999999999999986,0.48227315787691466,0.5628606811894941,-0.0805875233125794
KS-MO,Exposure-tight all-owner match,30,2.841545602568211,KS,999903201052921,MO,4040,7.0,6.0,1.0,7.0,6.0,1.0,8.0,8.0,0.0,8.0,6.0,2.0,23.0,28.0,-5.0,7849.0,12010.0,-4161.0,10.0,10.0,0.0,784.9,1201.0,-416.1,418.4,169.8,248.59999999999997,70.1,38.7,31.39999999999999,12.2,11.7,0.5,5.213321064450908,2.488275471962018,2.72504559248889
KS-MO,Exposure-tight all-owner match,31,0.8791163895275923,KS,514301050000234,MO,3642,7.0,5.0,2.0,7.0,7.0,0.0,7.0,5.0,2.0,7.0,5.0,2.0,43.0,40.0,3.0,9495.0,10037.0,-542.0,5.0,4.0,1.0,474.75,401.48,73.26999999999998,195.7,126.8,68.89999999999999,29.8,23.2,6.600000000000001,12.0,12.6,-0.5999999999999996,0.009180397656797252,1.6092937153625413,-1.600113317705744
KS-MO,Exposure-tight all-owner match,32,0.7508441511526069,KS,999906900462561,MO,3333,7.0,7.0,0.0,7.0,7.0,0.0,8.0,8.0,0.0,7.0,8.0,-1.0,39.0,40.0,-1.0,19581.0,9469.0,10112.0,3.0,4.0,-1.0,587.43,378.76,208.66999999999996,52.7,44.5,8.200000000000003,21.3,19.8,1.5,18.2,15.9,2.299999999999999,3.347424939779286,1.6127781482652066,1.7346467915140795
KS-MO,Exposure-tight all-owner match,33,1.396983355391101,KS,999906900462591,MO,3332,7.0,7.0,0.0,7.0,7.0,0.0,7.0,8.0,-1.0,7.0,8.0,-1.0,35.0,40.0,-5.0,19581.0,9691.0,9890.0,3.0,4.0,-1.0,587.43,387.64,199.78999999999996,161.6,44.5,117.1,33.5,19.8,13.7,16.5,15.9,0.5999999999999996,3.451001704959061,1.6022552831361907,1.8487464218228704
KS-MO,Exposure-tight all-owner match,34,1.3762979475287538,KS,000000000460160,MO,11879,6.0,6.0,0.0,7.0,6.0,1.0,7.0,6.0,1.0,6.0,7.0,-1.0,35.0,30.0,5.0,1600.0,1671.0,-71.0,6.0,5.0,1.0,96.0,83.55,12.450000000000003,25.1,60.4,-35.3,9.7,18.9,-9.2,10.4,9.0,1.4000000000000004,1.1920814234300547,4.487834235713297,-3.2957528122832427
KS-MO,Exposure-tight all-owner match,35,0.46852513075313906,KS,999906900461041,MO,6547,7.0,4.0,3.0,7.0,5.0,2.0,7.0,5.0,2.0,7.0,4.0,3.0,59.0,64.0,-5.0,18200.0,36578.0,-18378.0,8.0,6.0,2.0,1456.0,2194.68,-738.6799999999998,52.1,66.0,-13.899999999999999,14.6,17.1,-2.5000000000000018,12.8,10.6,2.200000000000001,3.681351384660666,3.6290545323798975,0.0522968522807683
KS-MO,Exposure-tight all-owner match,36,1.4756473278556235,KS,999903500460271,MO,319,5.0,5.0,0.0,5.0,6.0,-1.0,6.0,6.0,0.0,6.0,5.0,1.0,66.0,65.0,1.0,46550.0,64089.0,-17539.0,13.0,12.0,1.0,6051.5,7690.68,-1639.1800000000003,60.8,26.2,34.599999999999994,24.1,8.7,15.400000000000002,18.3,19.9,-1.5999999999999979,7.153267509771557,4.225260641315457,2.9280068684561
KS-MO,Exposure-tight all-owner match,37,0.009523829378202276,KS,415450463151011,MO,35992,7.0,7.0,0.0,7.0,7.0,0.0,8.0,8.0,0.0,7.0,7.0,0.0,30.0,30.0,0.0,16710.0,16710.0,0.0,6.0,6.0,0.0,1002.6,1002.6,0.0,86.3,85.3,1.0,20.0,20.1,-0.10000000000000142,19.1,19.1,0.0,0.0038054347936027823,0.0032126311707429416,0.0005928036228598408
KS-MO,Exposure-tight all-owner match,38,0.018790621586578942,KS,415450463151010,MO,35993,7.0,7.0,0.0,7.0,7.0,0.0,8.0,8.0,0.0,7.0,7.0,0.0,30.0,30.0,0.0,16710.0,16710.0,0.0,6.0,6.0,0.0,1002.6,1002.6,0.0,86.3,85.3,1.0,20.0,20.1,-0.10000000000000142,16.2,16.3,-0.10000000000000142,0.019653880701793556,0.019653880701793556,0.0
KS-MO,Exposure-tight all-owner match,39,0.7258209846022832,KS,999906900461221,MO,2025,6.0,7.0,-1.0,7.0,8.0,-1.0,6.0,7.0,-1.0,6.0,7.0,-1.0,52.0,56.0,-4.0,8095.0,6144.0,1951.0,7.0,5.0,2.0,566.65,307.2,259.45,85.3,57.9,27.4,25.6,24.9,0.7000000000000028,13.8,11.5,2.3000000000000007,4.185959302089266,2.713653636043542,1.4723056660457239
KS-MO,Exposure-tight all-owner match,40,1.0752497789955198,KS,999943500463341,MO,34256,7.0,7.0,0.0,7.0,7.0,0.0,7.0,8.0,-1.0,7.0,8.0,-1.0,17.0,16.0,1.0,8095.0,9133.0,-1038.0,7.0,5.0,2.0,566.65,456.65,110.0,58.8,122.8,-64.0,31.0,36.6,-5.600000000000001,18.9,19.8,-0.9000000000000021,4.16607599269207,1.6882774336660633,2.4777985590260068
KS-MO,Exposure-tight all-owner match,41,0.5139595199443217,KS,999943500460501,MO,1184,7.0,6.0,1.0,7.0,7.0,0.0,8.0,7.0,1.0,7.0,6.0,1.0,60.0,59.0,1.0,87000.0,72825.0,14175.0,5.0,7.0,-2.0,4350.0,5097.75,-747.75,67.0,90.3,-23.299999999999997,18.3,21.9,-3.599999999999998,21.4,22.8,-1.4000000000000021,3.1733843733042777,2.1728945565034428,1.000489816800835
KS-MO,Exposure-tight all-owner match,42,0.8435289301595584,KS,999905600463261,MO,11958,7.0,7.0,0.0,7.0,7.0,0.0,7.0,7.0,0.0,8.0,7.0,1.0,24.0,25.0,-1.0,17383.0,15595.0,1788.0,3.0,3.0,0.0,521.49,467.85,53.639999999999986,60.8,78.6,-17.799999999999997,18.5,24.5,-6.0,13.5,12.2,1.3000000000000007,3.1846266764159488,1.2059099727372609,1.978716703678688
KS-MO,Exposure-tight all-owner match,43,0.8517306170083278,KS,999905600463271,MO,11957,7.0,7.0,0.0,7.0,7.0,0.0,7.0,7.0,0.0,8.0,8.0,0.0,24.0,25.0,-1.0,17383.0,10860.0,6523.0,3.0,4.0,-1.0,521.49,434.4,87.09000000000003,60.8,83.8,-23.0,18.5,24.5,-6.0,13.5,12.2,1.3000000000000007,3.184774398212503,1.2049565469101156,1.9798178513023874
KS-MO,Exposure-tight all-owner match,44,1.8151016641823432,KS,999943500460511,MO,444,6.0,6.0,0.0,7.0,7.0,0.0,8.0,6.0,2.0,6.0,7.0,-1.0,60.0,59.0,1.0,87000.0,72825.0,14175.0,5.0,7.0,-2.0,4350.0,5097.75,-747.75,67.0,157.6,-90.6,18.3,44.2,-25.900000000000002,21.4,24.0,-2.6000000000000014,3.1733964788224,2.512109286665062,0.6612871921573378
KS-MO,Exposure-tight all-owner match,45,0.46611559197245,KS,421950462964516,MO,36516,7.0,8.0,-1.0,7.0,8.0,-1.0,8.0,8.0,0.0,8.0,9.0,-1.0,4.0,4.0,0.0,3000.0,3724.0,-724.0,5.0,5.0,0.0,150.0,186.2,-36.19999999999999,71.3,56.8,14.5,34.1,28.4,5.700000000000003,13.7,12.1,1.5999999999999996,5.429251742819897,5.652501340745567,-0.2232495979256699
KS-MO,Exposure-tight all-owner match,46,0.5969913091061225,KS,521950460000088,MO,31512,7.0,7.0,0.0,7.0,7.0,0.0,8.0,7.0,1.0,8.0,8.0,0.0,16.0,21.0,-5.0,5100.0,3280.0,1820.0,5.0,5.0,0.0,255.0,164.0,91.0,129.5,82.9,46.599999999999994,41.1,35.1,6.0,15.5,14.9,0.5999999999999996,1.4027427331154803,1.911614000439378,-0.5088712673238978
KS-MO,Exposure-tight all-owner match,47,0.657788093129307,KS,415450463051015,MO,3959,7.0,7.0,0.0,7.0,7.0,0.0,8.0,8.0,0.0,7.0,8.0,-1.0,33.0,34.0,-1.0,10915.0,5510.0,5405.0,2.0,5.0,-3.0,218.3,275.5,-57.19999999999999,61.0,38.7,22.299999999999997,20.0,19.4,0.6000000000000014,18.6,19.8,-1.1999999999999993,1.155916534880256,2.824535469739989,-1.6686189348597331
KS-MO,Exposure-tight all-owner match,48,0.8114804034133574,KS,521950460000420,MO,25838,8.0,7.0,1.0,8.0,7.0,1.0,8.0,8.0,0.0,8.0,8.0,0.0,33.0,29.0,4.0,1100.0,1053.0,47.0,6.0,4.0,2.0,66.0,42.12,23.880000000000003,63.7,118.9,-55.2,22.8,27.4,-4.599999999999998,11.0,12.9,-1.9000000000000004,4.172970093792054,2.7089219164327556,1.4640481773592988
KS-MO,Exposure-tight all-owner match,49,1.1473604517523253,KS,426350462701004,MO,25522,7.0,7.0,0.0,7.0,7.0,0.0,7.0,7.0,0.0,7.0,7.0,0.0,35.0,33.0,2.0,8015.0,6951.0,1064.0,6.0,4.0,2.0,480.9,278.04,202.85999999999996,39.6,46.3,-6.699999999999996,15.2,17.1,-1.9000000000000021,18.3,20.1,-1.8000000000000007,8.171359096929326,5.158137916987401,3.013221179941925
KS-MO,Exposure-tight all-owner match,50,1.2400979470220568,KS,521950460000046,MO,3961,7.0,6.0,1.0,7.0,6.0,1.0,8.0,7.0,1.0,7.0,6.0,1.0,38.0,34.0,4.0,23400.0,12746.0,10654.0,2.0,5.0,-3.0,468.0,637.3,-169.29999999999995,49.7,60.7,-11.0,21.3,26.6,-5.300000000000001,28.3,25.8,2.5,5.910776155214205,2.8380071470710524,3.072769008143153
KS-MO,Exposure-tight all-owner match,51,1.827578320451361,KS,521950460000370,MO,32588,7.0,7.0,0.0,7.0,7.0,0.0,8.0,8.0,0.0,8.0,8.0,0.0,17.0,14.0,3.0,9000.0,12455.0,-3455.0,5.0,4.0,1.0,450.0,498.2,-48.19999999999999,114.1,346.6,-232.50000000000003,30.7,29.0,1.6999999999999993,16.8,14.4,2.4000000000000004,3.6560439266012663,1.9317351543503858,1.7243087722508805
KS-MO,Exposure-tight all-owner match,52,0.6991318927626596,KS,000611103604800,MO,21426,5.0,4.0,1.0,6.0,4.0,2.0,6.0,7.0,-1.0,5.0,7.0,-2.0,59.0,55.0,4.0,104.0,120.0,-16.0,7.0,5.0,2.0,7.28,6.0,1.2800000000000002,9.8,30.8,-21.0,8.2,14.9,-6.700000000000001,5.0,8.0,-3.0,4.834012502707168,5.279978904315195,-0.44596640160802714
KS-MO,Exposure-tight all-owner match,53,1.0061903572910182,KS,000000000610050,MO,7365,7.0,6.0,1.0,7.0,8.0,-1.0,7.0,6.0,1.0,8.0,6.0,2.0,60.0,65.0,-5.0,551.0,727.0,-176.0,10.0,10.0,0.0,55.1,72.7,-17.6,59.0,34.4,24.6,22.5,11.6,10.9,9.2,7.2,1.9999999999999991,7.122180809386992,5.447988387804138,1.6741924215828545
KS-MO,Exposure-tight all-owner match,54,0.0011814210807667399,KS,000611113505108,MO,12157,7.0,7.0,0.0,7.0,7.0,0.0,7.0,7.0,0.0,7.0,7.0,0.0,27.0,27.0,0.0,100.0,100.0,0.0,10.0,10.0,0.0,10.0,10.0,0.0,41.1,41.1,0.0,15.2,15.2,0.0,8.7,8.7,0.0,4.2794974266906175e-05,0.0033270131605690778,-0.0032842181863021714
KS-MO,Exposure-tight all-owner match,55,0.0,KS,000541115005381,MO,31158,6.0,6.0,0.0,6.0,6.0,0.0,6.0,6.0,0.0,6.0,6.0,0.0,21.0,21.0,0.0,40.0,40.0,0.0,10.0,10.0,0.0,4.0,4.0,0.0,8.2,8.2,0.0,3.7,3.7,0.0,7.9,7.9,0.0,0.0002977650058582914,0.0002977650058582914,0.0
KS-MO,Exposure-tight all-owner match,56,0.01620031242053963,KS,000541117005465,MO,21754,6.0,6.0,0.0,6.0,6.0,0.0,7.0,7.0,0.0,6.0,6.0,0.0,35.0,35.0,0.0,50.0,50.0,0.0,10.0,10.0,0.0,5.0,5.0,0.0,21.0,21.0,0.0,20.7,20.7,0.0,4.9,4.8,0.10000000000000053,0.004676667167671619,0.005074827502361723,-0.00039816033469010446
KS-MO,Exposure-tight all-owner match,57,0.8961241528092331,KS,000000000060260,MO,7548,6.0,7.0,-1.0,6.0,8.0,-2.0,7.0,8.0,-1.0,7.0,7.0,0.0,69.0,74.0,-5.0,170.0,133.0,37.0,11.0,8.0,3.0,18.7,10.64,8.059999999999999,25.0,56.4,-31.4,9.1,21.3,-12.200000000000001,8.5,6.8,1.7000000000000002,2.36510786411455,2.7776090197285876,-0.41250115561403744
KS-MO,Exposure-tight all-owner match,58,0.9480945525326525,KS,000000000060220,MO,1520,6.0,5.0,1.0,6.0,7.0,-1.0,7.0,5.0,2.0,7.0,6.0,1.0,60.0,59.0,1.0,380.0,677.0,-297.0,11.0,10.0,1.0,41.8,67.7,-25.900000000000006,101.5,144.5,-43.0,40.2,37.1,3.1000000000000014,8.5,8.7,-0.1999999999999993,3.374764968799676,5.763142201794494,-2.3883772329948183
KS-MO,Exposure-tight all-owner match,59,1.3439122191896773,KS,999906900060521,MO,3615,7.0,5.0,2.0,7.0,5.0,2.0,8.0,6.0,2.0,7.0,5.0,2.0,40.0,38.0,2.0,3652.0,3585.0,67.0,15.0,14.0,1.0,547.8,501.9,45.89999999999998,72.1,116.7,-44.60000000000001,35.7,31.4,4.300000000000004,13.0,13.9,-0.9000000000000004,4.657711920731371,1.138136639464849,3.5195752812665217
KS-MO,Exposure-tight all-owner match,60,0.21663015896873494,KS,999905400060671,MO,3325,6.0,4.0,2.0,7.0,7.0,0.0,8.0,7.0,1.0,6.0,4.0,2.0,38.0,41.0,-3.0,3458.0,4057.0,-599.0,16.0,14.0,2.0,553.28,567.98,-14.700000000000045,64.5,87.5,-23.0,21.3,22.3,-1.0,14.0,13.9,0.09999999999999964,6.847562405220384,6.737153212263299,0.11040919295708562
KS-MO,Exposure-tight all-owner match,61,1.0833835321744936,KS,000000000110510,MO,21741,6.0,6.0,0.0,6.0,7.0,-1.0,6.0,7.0,-1.0,7.0,6.0,1.0,47.0,42.0,5.0,75.0,75.0,0.0,10.0,10.0,0.0,7.5,7.5,0.0,78.0,6.7,71.3,17.0,3.0,14.0,9.1,7.3,1.7999999999999998,3.0926674817674087,2.708321592911953,0.3843458888554556
KS-MO,Exposure-tight all-owner match,62,0.25969275034428957,KS,999903600220301,MO,3178,7.0,6.0,1.0,7.0,6.0,1.0,7.0,6.0,1.0,7.0,6.0,1.0,42.0,46.0,-4.0,8413.0,8026.0,387.0,8.0,5.0,3.0,673.04,401.3,271.73999999999995,40.4,50.3,-9.899999999999999,15.9,15.7,0.20000000000000107,16.0,15.5,0.5,0.26674941710449285,0.3449521184298905,-0.07820270132539764
KS-MO,Exposure-tight all-owner match,63,0.3347570834072134,KS,999903600220311,MO,1922,7.0,6.0,1.0,7.0,6.0,1.0,7.0,6.0,1.0,7.0,7.0,0.0,42.0,46.0,-4.0,5848.0,9340.0,-3492.0,12.0,12.0,0.0,701.76,1120.8,-419.03999999999996,40.5,39.0,1.5,15.9,19.2,-3.299999999999999,16.0,16.8,-0.8000000000000007,0.2747864755278891,0.42413707115522276,-0.14935059562733366
KS-MO,Exposure-tight all-owner match,64,1.0934022524970237,KS,999903600220351,MO,1813,7.0,6.0,1.0,7.0,6.0,1.0,7.0,6.0,1.0,7.0,7.0,0.0,41.0,46.0,-5.0,4977.0,3805.0,1172.0,24.0,22.0,2.0,1194.48,837.1,357.38,37.3,38.4,-1.1000000000000014,14.6,17.7,-3.0999999999999996,12.8,12.4,0.40000000000000036,4.2896813867267145,1.373289866390102,2.9163915203366124
KS-MO,Exposure-tight all-owner match,65,0.03244698749966043,KS,999903600220291,MO,3049,5.0,5.0,0.0,6.0,6.0,0.0,5.0,5.0,0.0,5.0,5.0,0.0,42.0,42.0,0.0,7009.0,7271.0,-262.0,20.0,20.0,0.0,1401.8,1454.2,-52.40000000000009,523.6,523.6,0.0,129.5,129.5,0.0,13.0,13.0,0.0,0.00673274990293758,0.09014812119386155,-0.08341537129092397
KS-MO,Exposure-tight all-owner match,66,0.055379479636249805,KS,999903600220281,MO,3050,5.0,5.0,0.0,6.0,6.0,0.0,5.0,5.0,0.0,5.0,5.0,0.0,42.0,42.0,0.0,8227.0,7234.0,993.0,15.0,16.0,-1.0,1234.05,1157.44,76.6099999999999,523.6,523.6,0.0,129.5,129.5,0.0,13.0,13.0,0.0,0.0012471525555698849,0.14305410570443253,-0.14180695314886263
KS-MO,Exposure-tight all-owner match,67,0.9227450604339372,KS,000000000030161,MO,34491,8.0,7.0,1.0,8.0,7.0,1.0,8.0,7.0,1.0,8.0,8.0,0.0,10.0,13.0,-3.0,190.0,120.0,70.0,10.0,10.0,0.0,19.0,12.0,7.0,18.3,16.3,2.0,17.9,15.5,2.3999999999999986,8.1,8.2,-0.09999999999999964,8.910904581555421,6.434712394661819,2.476192186893602
KS-MO,Exposure-tight state-agency match,1,0.15633854062035218,KS,999943501052351,MO,2780,6.0,6.0,0.0,7.0,7.0,0.0,7.0,7.0,0.0,6.0,6.0,0.0,41.0,41.0,0.0,19350.0,11209.0,8141.0,10.0,12.0,-2.0,1935.0,1345.08,589.9200000000001,1000.0,998.2,1.7999999999999545,129.5,129.5,0.0,17.7,17.9,-0.1999999999999993,0.04646269427050481,0.19820559713296376,-0.15174290286245895
KS-MO,Exposure-tight state-agency match,2,0.173675566375844,KS,999943501052401,MO,2781,6.0,6.0,0.0,7.0,7.0,0.0,7.0,7.0,0.0,6.0,6.0,0.0,40.0,40.0,0.0,19350.0,11209.0,8141.0,10.0,12.0,-2.0,1935.0,1345.08,589.9200000000001,1002.1,989.4,12.700000000000045,129.5,129.5,0.0,17.7,17.9,-0.1999999999999993,0.025529453457758765,0.19326889377889211,-0.16773944032113336
KS-MO,Exposure-tight state-agency match,3,0.6658371990617318,KS,999943501052261,MO,2905,7.0,5.0,2.0,7.0,7.0,0.0,7.0,6.0,1.0,7.0,5.0,2.0,40.0,42.0,-2.0,19800.0,13231.0,6569.0,9.0,12.0,-3.0,1782.0,1587.72,194.27999999999997,56.2,76.2,-20.0,23.2,32.6,-9.400000000000002,17.8,15.7,2.1000000000000014,3.376364671268105,3.0393965424957634,0.3369681287723414
KS-MO,Exposure-tight state-agency match,4,1.0464225010998467,KS,999907001052103,MO,2822,7.0,6.0,1.0,7.0,7.0,0.0,7.0,7.0,0.0,8.0,6.0,2.0,44.0,42.0,2.0,28750.0,30967.0,-2217.0,13.0,12.0,1.0,3737.5,3716.04,21.460000000000036,45.3,72.5,-27.200000000000003,24.4,32.6,-8.200000000000003,12.8,12.6,0.20000000000000107,5.506477200031679,3.0473428391323205,2.459134360899358
KS-MO,Exposure-tight state-agency match,5,0.7347680823440406,KS,999943501052281,MO,2909,7.0,6.0,1.0,7.0,7.0,0.0,8.0,6.0,2.0,7.0,6.0,1.0,40.0,44.0,-4.0,19800.0,11209.0,8591.0,9.0,12.0,-3.0,1782.0,1345.08,436.9200000000001,58.0,110.6,-52.599999999999994,19.1,22.4,-3.299999999999997,17.8,17.9,-0.09999999999999787,2.118190778698513,0.500772126367135,1.617418652331378
KS-MO,Exposure-tight state-agency match,6,0.7431681999533489,KS,999943501052271,MO,2815,6.0,6.0,0.0,6.0,7.0,-1.0,8.0,7.0,1.0,7.0,6.0,1.0,40.0,44.0,-4.0,19800.0,11209.0,8591.0,9.0,12.0,-3.0,1782.0,1345.08,436.9200000000001,58.0,110.6,-52.599999999999994,19.1,22.4,-3.299999999999997,17.8,17.9,-0.09999999999999787,2.1266257867423732,0.4821946218355521,1.644431164906821
KS-MO,Exposure-tight state-agency match,7,0.5353947911166169,KS,999916901050741,MO,6505,5.0,6.0,-1.0,7.0,6.0,1.0,7.0,7.0,0.0,5.0,6.0,-1.0,67.0,72.0,-5.0,5345.0,4404.0,941.0,4.0,7.0,-3.0,213.8,308.28,-94.47999999999996,79.5,87.5,-8.0,40.2,43.9,-3.6999999999999957,19.4,18.6,0.7999999999999972,0.9914790505922978,2.0041082092421805,-1.0126291586498826
KS-MO,Exposure-tight state-agency match,8,0.4786178300982086,KS,999903501050161,MO,2104,7.0,6.0,1.0,8.0,8.0,0.0,7.0,8.0,-1.0,7.0,6.0,1.0,55.0,53.0,2.0,43150.0,32104.0,11046.0,13.0,13.0,0.0,5609.5,4173.52,1435.9799999999996,116.6,92.4,24.19999999999999,32.1,25.9,6.200000000000003,21.7,20.4,1.3000000000000007,0.5416326466319229,0.9105272963098542,-0.3688946496779313
KS-MO,Exposure-tight state-agency match,9,0.8431430993399793,KS,999963501051831,MO,1716,7.0,5.0,2.0,8.0,5.0,3.0,8.0,6.0,2.0,7.0,6.0,1.0,51.0,56.0,-5.0,22024.0,11826.0,10198.0,13.0,15.0,-2.0,2863.12,1773.9,1089.2199999999998,116.4,95.7,20.700000000000003,49.7,36.9,12.800000000000004,13.0,14.8,-1.8000000000000007,0.6268191650896869,0.5826111971493386,0.044207967940348314
KS-MO,Exposure-tight state-agency match,10,0.949307470694372,KS,999963500460731,MO,6680,7.0,5.0,2.0,7.0,7.0,0.0,7.0,7.0,0.0,7.0,5.0,2.0,70.0,72.0,-2.0,34934.0,54153.0,-19219.0,9.0,7.0,2.0,3144.06,3790.71,-646.6500000000001,57.8,75.0,-17.200000000000003,22.6,21.3,1.3000000000000007,19.1,22.0,-2.8999999999999986,3.5574741592814836,1.448949647348068,2.1085245119334157
KS-MO,Exposure-tight state-agency match,11,0.9625190295499525,KS,999963500460721,MO,1446,7.0,5.0,2.0,7.0,7.0,0.0,7.0,5.0,2.0,7.0,5.0,2.0,54.0,57.0,-3.0,34934.0,47413.0,-12479.0,9.0,12.0,-3.0,3144.06,5689.56,-2545.5000000000005,52.8,54.6,-1.8000000000000043,20.7,16.5,4.199999999999999,19.1,18.3,0.8000000000000007,3.6167561539208672,5.967486557758155,-2.350730403837288
KS-MO,Exposure-tight state-agency match,12,1.1122264644738524,KS,999906901052821,MO,3334,7.0,5.0,2.0,7.0,7.0,0.0,7.0,8.0,-1.0,7.0,5.0,2.0,35.0,38.0,-3.0,12588.0,9691.0,2897.0,5.0,4.0,1.0,629.4,387.64,241.76,51.8,130.5,-78.7,19.5,36.9,-17.4,10.5,10.1,0.40000000000000036,2.095605185654083,1.5683164855254719,0.5272887001286113
KS-MO,Exposure-tight state-agency match,13,1.1726723317588654,KS,999963501050481,MO,1094,7.0,7.0,0.0,7.0,7.0,0.0,7.0,7.0,0.0,7.0,7.0,0.0,57.0,61.0,-4.0,29740.0,45096.0,-15356.0,10.0,12.0,-2.0,2974.0,5411.52,-2437.5200000000004,70.7,73.5,-2.799999999999997,28.0,20.7,7.300000000000001,20.9,22.9,-2.0,3.0461063949596543,5.711327560076477,-2.6652211651168223
KS-MO,Exposure-tight state-agency match,14,1.1769765896567335,KS,999963501050491,MO,1093,7.0,7.0,0.0,7.0,7.0,0.0,7.0,7.0,0.0,7.0,7.0,0.0,57.0,61.0,-4.0,29740.0,48991.0,-19251.0,10.0,12.0,-2.0,2974.0,5878.92,-2904.92,70.7,73.5,-2.799999999999997,28.0,20.7,7.300000000000001,20.9,22.9,-2.0,3.0394518681363,5.69683338204807,-2.6573815139117705
KS-MO,Exposure-tight state-agency match,15,1.4031857338735736,KS,999905600463291,MO,11808,7.0,7.0,0.0,7.0,7.0,0.0,8.0,9.0,-1.0,8.0,8.0,0.0,25.0,26.0,-1.0,12588.0,8345.0,4243.0,4.0,5.0,-1.0,503.52,417.25,86.26999999999998,75.8,60.7,15.099999999999994,22.3,22.9,-0.5999999999999979,12.9,13.9,-1.0,1.7100032665641778,5.4050356301697615,-3.6950323636055837
KS-MO,Exposure-tight state-agency match,16,1.4124515782754776,KS,999903501050041,MO,748,7.0,6.0,1.0,7.0,7.0,0.0,7.0,6.0,1.0,8.0,6.0,2.0,66.0,61.0,5.0,52500.0,47762.0,4738.0,10.0,12.0,-2.0,5250.0,5731.44,-481.4399999999996,71.7,51.5,20.200000000000003,19.8,19.8,0.0,19.9,19.1,0.7999999999999972,2.1983353836460036,5.8737643754875375,-3.675428991841534
KS-MO,Exposure-tight state-agency match,17,1.617338576858434,KS,999916901051811,MO,1715,7.0,5.0,2.0,7.0,5.0,2.0,7.0,6.0,1.0,7.0,5.0,2.0,54.0,56.0,-2.0,15535.0,11326.0,4209.0,10.0,12.0,-2.0,1553.5,1359.12,194.3800000000001,372.9,95.7,277.2,37.9,36.9,1.0,17.2,14.8,2.3999999999999986,0.48227315787691466,0.5628606811894941,-0.0805875233125794
KS-MO,Exposure-tight state-agency match,18,1.649609300044922,KS,999905600463281,MO,11809,7.0,7.0,0.0,7.0,7.0,0.0,8.0,7.0,1.0,8.0,8.0,0.0,25.0,26.0,-1.0,12588.0,8345.0,4243.0,4.0,5.0,-1.0,503.52,417.25,86.26999999999998,75.8,105.2,-29.400000000000006,22.3,34.1,-11.8,15.9,13.9,2.0,1.695198301480794,5.5894841212285735,-3.8942858197477794
KS-MO,Exposure-tight state-agency match,19,2.481713139307794,KS,999903201052921,MO,4040,7.0,6.0,1.0,7.0,6.0,1.0,8.0,8.0,0.0,8.0,6.0,2.0,23.0,28.0,-5.0,7849.0,12010.0,-4161.0,10.0,10.0,0.0,784.9,1201.0,-416.1,418.4,169.8,248.59999999999997,70.1,38.7,31.39999999999999,12.2,11.7,0.5,5.213321064450908,2.488275471962018,2.72504559248889
KS-MO,Exposure-tight state-agency match,20,0.7866185040946526,KS,999906900462561,MO,3333,7.0,7.0,0.0,7.0,7.0,0.0,8.0,8.0,0.0,7.0,8.0,-1.0,39.0,40.0,-1.0,19581.0,9469.0,10112.0,3.0,4.0,-1.0,587.43,378.76,208.66999999999996,52.7,44.5,8.200000000000003,21.3,19.8,1.5,18.2,15.9,2.299999999999999,3.347424939779286,1.6127781482652066,1.7346467915140795
KS-MO,Exposure-tight state-agency match,21,1.262543516792085,KS,999906900462591,MO,3332,7.0,7.0,0.0,7.0,7.0,0.0,7.0,8.0,-1.0,7.0,8.0,-1.0,35.0,40.0,-5.0,19581.0,9691.0,9890.0,3.0,4.0,-1.0,587.43,387.64,199.78999999999996,161.6,44.5,117.1,33.5,19.8,13.7,16.5,15.9,0.5999999999999996,3.451001704959061,1.6022552831361907,1.8487464218228704
KS-MO,Exposure-tight state-agency match,22,0.5014269438710091,KS,999906900461041,MO,6547,7.0,4.0,3.0,7.0,5.0,2.0,7.0,5.0,2.0,7.0,4.0,3.0,59.0,64.0,-5.0,18200.0,36578.0,-18378.0,8.0,6.0,2.0,1456.0,2194.68,-738.6799999999998,52.1,66.0,-13.899999999999999,14.6,17.1,-2.5000000000000018,12.8,10.6,2.200000000000001,3.681351384660666,3.6290545323798975,0.0522968522807683
KS-MO,Exposure-tight state-agency match,23,1.4382198272014588,KS,999903500460271,MO,319,5.0,5.0,0.0,5.0,6.0,-1.0,6.0,6.0,0.0,6.0,5.0,1.0,66.0,65.0,1.0,46550.0,64089.0,-17539.0,13.0,12.0,1.0,6051.5,7690.68,-1639.1800000000003,60.8,26.2,34.599999999999994,24.1,8.7,15.400000000000002,18.3,19.9,-1.5999999999999979,7.153267509771557,4.225260641315457,2.9280068684561
KS-MO,Exposure-tight state-agency match,24,0.7609595332762306,KS,999906900461221,MO,2025,6.0,7.0,-1.0,7.0,8.0,-1.0,6.0,7.0,-1.0,6.0,7.0,-1.0,52.0,56.0,-4.0,8095.0,6144.0,1951.0,7.0,5.0,2.0,566.65,307.2,259.45,85.3,57.9,27.4,25.6,24.9,0.7000000000000028,13.8,11.5,2.3000000000000007,4.185959302089266,2.713653636043542,1.4723056660457239
KS-MO,Exposure-tight state-agency match,25,0.5117026892083228,KS,999943500460501,MO,1184,7.0,6.0,1.0,7.0,7.0,0.0,8.0,7.0,1.0,7.0,6.0,1.0,60.0,59.0,1.0,87000.0,72825.0,14175.0,5.0,7.0,-2.0,4350.0,5097.75,-747.75,67.0,90.3,-23.299999999999997,18.3,21.9,-3.599999999999998,21.4,22.8,-1.4000000000000021,3.1733843733042777,2.1728945565034428,1.000489816800835
KS-MO,Exposure-tight state-agency match,26,0.8526440174341869,KS,999905600463261,MO,11958,7.0,7.0,0.0,7.0,7.0,0.0,7.0,7.0,0.0,8.0,7.0,1.0,24.0,25.0,-1.0,17383.0,15595.0,1788.0,3.0,3.0,0.0,521.49,467.85,53.639999999999986,60.8,78.6,-17.799999999999997,18.5,24.5,-6.0,13.5,12.2,1.3000000000000007,3.1846266764159488,1.2059099727372609,1.978716703678688
KS-MO,Exposure-tight state-agency match,27,0.8588222159095572,KS,999905600463271,MO,11957,7.0,7.0,0.0,7.0,7.0,0.0,7.0,7.0,0.0,8.0,8.0,0.0,24.0,25.0,-1.0,17383.0,10860.0,6523.0,3.0,4.0,-1.0,521.49,434.4,87.09000000000003,60.8,83.8,-23.0,18.5,24.5,-6.0,13.5,12.2,1.3000000000000007,3.184774398212503,1.2049565469101156,1.9798178513023874
KS-MO,Exposure-tight state-agency match,28,1.615270555306614,KS,999943500460511,MO,444,6.0,6.0,0.0,7.0,7.0,0.0,8.0,6.0,2.0,6.0,7.0,-1.0,60.0,59.0,1.0,87000.0,72825.0,14175.0,5.0,7.0,-2.0,4350.0,5097.75,-747.75,67.0,157.6,-90.6,18.3,44.2,-25.900000000000002,21.4,24.0,-2.6000000000000014,3.1733964788224,2.512109286665062,0.6612871921573378
KS-MO,Exposure-tight state-agency match,29,1.378404295458422,KS,999906900060521,MO,3615,7.0,5.0,2.0,7.0,5.0,2.0,8.0,6.0,2.0,7.0,5.0,2.0,40.0,38.0,2.0,3652.0,3585.0,67.0,15.0,14.0,1.0,547.8,501.9,45.89999999999998,72.1,116.7,-44.60000000000001,35.7,31.4,4.300000000000004,13.0,13.9,-0.9000000000000004,4.657711920731371,1.138136639464849,3.5195752812665217
KS-MO,Exposure-tight state-agency match,30,0.20773781773979794,KS,999905400060671,MO,3325,6.0,4.0,2.0,7.0,7.0,0.0,8.0,7.0,1.0,6.0,4.0,2.0,38.0,41.0,-3.0,3458.0,4057.0,-599.0,16.0,14.0,2.0,553.28,567.98,-14.700000000000045,64.5,87.5,-23.0,21.3,22.3,-1.0,14.0,13.9,0.09999999999999964,6.847562405220384,6.737153212263299,0.11040919295708562
KS-MO,Exposure-tight state-agency match,31,0.2987469655934135,KS,999903600220301,MO,3178,7.0,6.0,1.0,7.0,6.0,1.0,7.0,6.0,1.0,7.0,6.0,1.0,42.0,46.0,-4.0,8413.0,8026.0,387.0,8.0,5.0,3.0,673.04,401.3,271.73999999999995,40.4,50.3,-9.899999999999999,15.9,15.7,0.20000000000000107,16.0,15.5,0.5,0.26674941710449285,0.3449521184298905,-0.07820270132539764
KS-MO,Exposure-tight state-agency match,32,0.355540540309252,KS,999903600220311,MO,1922,7.0,6.0,1.0,7.0,6.0,1.0,7.0,6.0,1.0,7.0,7.0,0.0,42.0,46.0,-4.0,5848.0,9340.0,-3492.0,12.0,12.0,0.0,701.76,1120.8,-419.03999999999996,40.5,39.0,1.5,15.9,19.2,-3.299999999999999,16.0,16.8,-0.8000000000000007,0.2747864755278891,0.42413707115522276,-0.14935059562733366
KS-MO,Exposure-tight state-agency match,33,1.144936813896431,KS,999903600220351,MO,1813,7.0,6.0,1.0,7.0,6.0,1.0,7.0,6.0,1.0,7.0,7.0,0.0,41.0,46.0,-5.0,4977.0,3805.0,1172.0,24.0,22.0,2.0,1194.48,837.1,357.38,37.3,38.4,-1.1000000000000014,14.6,17.7,-3.0999999999999996,12.8,12.4,0.40000000000000036,4.2896813867267145,1.373289866390102,2.9163915203366124
KS-MO,Exposure-tight state-agency match,34,5.968540743458986,KS,999903600220331,MO,3050,7.0,5.0,2.0,7.0,6.0,1.0,7.0,5.0,2.0,7.0,5.0,2.0,42.0,42.0,0.0,4658.0,7234.0,-2576.0,14.0,16.0,-2.0,652.12,1157.44,-505.32000000000005,76.1,523.6,-447.5,32.6,129.5,-96.9,13.1,13.0,0.09999999999999964,0.8062829060494928,0.14305410570443253,0.6632288003450603
